attraction_id,attraction_name,ratings,no_of_ratings,attraction_type,description,Latitude,Longitude,city,keywords
1,Citadel of Saladin,4.6,24755,Tourist attraction,"Sights and landmarks, Historic Sites",30.0287457,31.2597144,cairo,"Tourist attraction Sights and landmarks, Historic Sites"
2,Cairo Tower,4.3,23202,Tourist attraction,Observation Decks & Towers,30.045915,31.2242898,cairo,Tourist attraction Observation Decks & Towers
3,Khan el-Khalili,4.4,45558,Bazar,Flea & Street Markets,30.0477386,31.2622538,cairo,Bazar Flea & Street Markets
4,Al-Azhar Park,4.5,29934,Park,Parks,30.040758,31.2647327,cairo,Park Parks
5,Prince Mohamed Ali Palace (Al Manial Palace),4.6,6439,Historical landmark,History Museums,30.0289507,31.230013,cairo,Historical landmark History Museums
6,Al-Azhar Mosque,4.8,13719,Mosque,Religious Sites,30.045688,31.2626851,cairo,Mosque Religious Sites
7,Tahrir Square,4.6,7900,Tourist attraction,Points of Interest & Landmarks,30.0443994,31.2357188,cairo,Tourist attraction Points of Interest & Landmarks
8,Mosque-Madrasa of Sultan Hassan,4.8,3372,Mosque,Historic Sites  Religious Sites,30.0322791,31.2561704,cairo,Mosque Historic Sites  Religious Sites
9,Mosque of Ibn Tulun,4.7,3463,Mosque,Historic Sites  Religious Sites,30.028691,31.2493941,cairo,Mosque Historic Sites  Religious Sites
10,Pharaonic Village,4.3,13603,Tourist attraction,Historic Sites Points of Interest & Landmarks,29.9973207,31.2147781,giza,Tourist attraction Historic Sites Points of Interest & Landmarks
11,The Coptic Museum,4.5,893,Museum,Art Museums,30.0057645,31.2303972,cairo,Museum Art Museums
12,Qalawun Complex,4.7,749,Historical landmark,Historic Sites  Religious Sites,30.0493992,31.2609617,cairo,Historical landmark Historic Sites  Religious Sites
13,Al-Hakim Mosque,4.7,8214,Mosque,Religious Sites,30.0545457,31.2635091,cairo,Mosque Religious Sites
14,Museum of Islamic Art in Cairo,4.6,4047,Museum,Art Museums History Museums,30.0447197,31.2527212,cairo,Museum Art Museums History Museums
15,Mosque of Muhammad Ali,4.7,4290,Mosque,Historic Sites  Religious Sites,30.0287015,31.2599106,cairo,Mosque Historic Sites  Religious Sites
16,Gayer-Anderson Museum,4.6,1261,Museum,Historic Sites Art Museums Archaeological,30.02833,31.250744,cairo,Museum Historic Sites Art Museums Archaeological
17,Abdeen Palace Museum,4.6,"10,074",Museum,History Museums Historical place,30.0432148,31.247217,cairo,Museum History Museums Historical place
18,The National Museum of Egyptian Civilization,4.7,14633,Museum,History Museums,30.00841,31.248246,cairo,Museum History Museums
19,The Hanging Church,4.6,5100,Church,Architectural Buildings  Religious Sites Christinaity,30.0052663,31.2301826,cairo,Church Architectural Buildings  Religious Sites Christinaity
20,Talaat Harb Square,4.5,14732,Historical landmark,Historic street,30.0475981,31.2384536,cairo,Historical landmark Historic street
21,Royal Chariots Museum,4.4,473,Museum,History Museums,30.0559054,31.2313202,cairo,Museum History Museums
22,Bab al-Futuh,4.6,6390,Historical landmark,Historic Sites  Points of Interest & Landmarks  Historic Walking Areas  Castles,30.0553568,31.2634081,cairo,Historical landmark Historic Sites  Points of Interest & Landmarks  Historic Walking Areas  Castles
23,Al-Hussein Mosque,4.6,25106,Mosque,Points of Interest & Landmarks  Religious Sites,30.0476733,31.2631929,cairo,Mosque Points of Interest & Landmarks  Religious Sites
24,Bab Zuweila,4.6,839,Historical landmark,Historic Sites  Points of Interest & Landmarks  Castles,30.042704,31.257777,cairo,Historical landmark Historic Sites  Points of Interest & Landmarks  Castles
25,Lazoghly Square - Lazoghly Statue,4.4,183,Tourist attraction,Historic street,30.0391332,31.2403392,cairo,Tourist attraction Historic street
26,El Andalos Park,4.1,809,Park,garden,30.0442019,31.2274082,cairo,Park garden
27,House of Suhaymi,4.6,1624,Historical landmark,Speciality Museums,30.0521013,31.2624902,cairo,Historical landmark Speciality Museums
28,Al Horreya Garden,4.2,4046,Garden,Botanical,30.0414695,31.2257914,cairo,Garden Botanical
29,Townhouse Gallery,4.5,242,Art Gallery,,30.0490743,31.2380407,cairo,Art Gallery 
30,Aqsunqur Mosque,4.7,435,Mosque,Religious Sites,30.0361111,31.2602778,cairo,Mosque Religious Sites
31,Saad Zaghloul Statue,4.4,138,Historical landmark,,30.0434046,31.2270813,cairo,Historical landmark 
32,St Sergius and St Bacchus Church,4.7,1163,Church,Churches & Cathedrals Christianity Reilgious Sites,30.006279,31.2306747,cairo,Church Churches & Cathedrals Christianity Reilgious Sites
33,Pyramid of Djoser,4.7,4940,Cultural landmark,Ancient Ruins  Points of Interest & Landmarks,29.8713227,31.216543,giza,Cultural landmark Ancient Ruins  Points of Interest & Landmarks
34,Saqqara Necropolis,4.8,998,Historical landmark,Historic Sites  Ancient Ruins,29.8684624,31.2168246,giza,Historical landmark Historic Sites  Ancient Ruins
35,El Obour Park,4.3,363,Park,,30.05623014,31.21761828,cairo,Park 
36,Aquarium Grotto Garden,3.8,3966,Park,,30.0563997,31.2190813,cairo,Park 
37,Masjid Omar Makram,4.5,2213,Mosque,Religious Sites,30.0431994,31.2339485,cairo,Mosque Religious Sites
38,Pyramid of Khafre,4.7,974,Historical landmark,Historic Sites,29.9761308,31.1309319,giza,Historical landmark Historic Sites
39,Masjid Sultan Abo Elelaa,4.6,2002,Mosque,Religious Sites,30.05640297,31.22995602,cairo,Mosque Religious Sites
40,Bent Pyramid,4.7,1178,Historical landmark,Ancient Ruins  Points of Interest & Landmarks  Architectural Buildings,29.7904488,31.2093244,giza,Historical landmark Ancient Ruins  Points of Interest & Landmarks  Architectural Buildings
41,The Child Museum,4.4,1152,Museum,Speciality Museums Childrens,30.1022381,31.336946,cairo,Museum Speciality Museums Childrens
42,Red Pyramid,4.8,1477,Historical landmark,,29.8085947,31.2066131,giza,Historical landmark 
43,Qasr El Nil Bridge,4.6,2024,Bridge,,30.0438506,31.2301913,cairo,Bridge 
44,abdeen garden,4.4,1705,Park,,30.0438541,31.2458707,cairo,Park 
45,Khedive or Zamalek tree,4.8,25,Park,,30.045915,31.2242898,cairo,Park 
46,Synagogue Ben Ezra,4.4,197,Synagogue,Historic Sites  Religious Sites,30.0057322,31.2310336,cairo,Synagogue Historic Sites  Religious Sites
47,Islamic Ceramics Museum,3.9,64,Museum,Art Museums,30.0571741,31.2226481,cairo,Museum Art Museums
48,Gayer-Anderson Museum,4.6,"1,179",Museum,Historic Sites  Art Museums Archaeological,30.02833,31.250744,cairo,Museum Historic Sites  Art Museums Archaeological
49,Mahmoud Mukhtar Museum,4.6,252,Museum,Speciality Museums Art,30.0406962,31.2228689,cairo,Museum Speciality Museums Art
50,The Coptic Museum,4.5,867,Museum,Art Museums,30.0057645,31.2303972,cairo,Museum Art Museums
51,National Military Museum Egypt,4.3,"4,517",Museum,Military Museums,30.030853,31.262557,cairo,Museum Military Museums
52,Gamal Abdel Nasser Museum,4.4,221,Museum,Historical place,30.0865432,31.3106985,cairo,Museum Historical place
53,Egyptian Geology Museum,4.1,374,Museum,Science Museums,29.9963985,31.2288952,cairo,Museum Science Museums
54,The Child Museum,4.4,"1,122",Museum,Speciality Museums Childrens,30.1022381,31.336946,cairo,Museum Speciality Museums Childrens
55,Abdeen Palace Museum,4.5,"9,657",Museum,History Museums Historical place,30.0432148,31.247217,cairo,Museum History Museums Historical place
56,Taha Hussein Museum,4.3,239,Museum,History Museums,30.0050115,31.1849773,giza,Museum History Museums
57,Luxor Museum,4.7,"4,765",Museum,History Museums,25.7076132,32.6445491,luxor,Museum History Museums
58,The Egyptian Museum,4.5,"6,617",Museum,History Museums Archaeological,30.0482928,31.23375359,cairo,Museum History Museums Archaeological
59,Prince Mohamed Ali Palace (Al Manial Palace),4.6,"6,254",Palace,,30.0289507,31.230013,cairo,Palace 
60,Museum Of Modern Egyptian Art,4.2,229,Museum,Art,30.043688,31.2246792,cairo,Museum Art
61,Umm Kulthum Museum,4.3,705,Museum,Heritage Biographical,30.0074532,31.2252869,cairo,Museum Heritage Biographical
62,Grand Egyptian Museum,4.6,396,Museum,History Museums,29.9943681,31.1190957,giza,Museum History Museums
63,Egyptian Textiles Museum,4.6,128,Museum,Speciality Museums,30.0077247,31.2599886,cairo,Museum Speciality Museums
64,Khalil Museum,4.6,441,Museum,Art Museums,30.0355965,31.2195869,cairo,Museum Art Museums
65,Panorama October,4.4,"7,472",Museum,Speciality Museums War,30.0742728,31.3068068,cairo,Museum Speciality Museums War
66,The Royal Mummies Hall,4.7,826,Museum,,30.0081493,31.2482604,cairo,Museum 
67,Geographical Association of Egypt,4.4,75,Association or organization,,30.041119,31.2360473,cairo,Association or organization 
68,Mostafa Kamel Museum,4.5,135,Museum,Speciality Museums,30.029609,31.2572203,cairo,Museum Speciality Museums
69,Egyptian Air Force Museum,4.7,"1,045",Museum,Points of Interest & Landmarks,30.0966204,31.351621,cairo,Museum Points of Interest & Landmarks
70,Egyptian National Library Museum,4.8,12,Museum,,30.0443325,31.2523265,cairo,Museum 
71,Foustat Traditional Crafts Center,4.3,185,Museum,History Museums,30.0063684,31.2347231,cairo,Museum History Museums
72,Pharaonic Papyrus Museum,4.4,517,Museum,Speciality & Gift Shops,29.9911787,31.1523771,cairo,Museum Speciality & Gift Shops
73,Beshtak Palace,4.5,395,Museum,Historic Sites Palace,30.050508,31.2618941,cairo,Museum Historic Sites Palace
74,Beit Al-Razzaz,4.7,72,Historical landmark,mansion,30.03751994,31.25950158,cairo,Historical landmark mansion
75,Alexandria National Museum,4.4,"2,105",Museum,History Museums,31.2007415,29.9131977,Alexandria,Museum History Museums
76,Royal Jewellery Museum,4.6,"6,001",Museum,History Museums,31.2406096,29.9632848,Alexandria,Museum History Museums
77,National Police Museum,3.9,95,Museum,History Museums,30.03079183,31.25991218,cairo,Museum History Museums
78,"Museum of Illusions, Cairo",4.4,"1,168",Museum,Speciality Museums  Art Museums,30.0775,30.9513779,cairo,Museum Speciality Museums  Art Museums
79,Ramses Wissa Wassef Art Center,4.6,117,Art Gallery,,29.9687532,31.1759566,giza,Art Gallery 
80,Karmet Ibn Hanie Cultural Center Ahmed Shawky Museum,4.3,158,Cultural center,,30.0212625,31.2174341,cairo,Cultural center 
81,Nation's House Museum,4.3,219,Museum,History Museums,30.03801203,31.23745743,cairo,Museum History Museums
82,Rokn Farouk Museum,4.3,"1,238",Museum,Heritage,29.8470018,31.2947169,cairo,Museum Heritage
83,Islamic Ceramics Museum,3.9,63,Museum,Art Museums,30.0571741,31.2226481,cairo,Museum Art Museums
84,Al-Azhar Park,4.5,30165,Park,,30.040758,31.2647327,cairo,Park 
85,Al Horreya Garden,4.2,4045,Garden,Botanical,30.0414695,31.2257914,cairo,Garden Botanical
86,Manial Garden,4.2,310,Park,garden,30.02893758,31.2300619,cairo,Park garden
87,Umm Kulthum Park,4.1,1505,Park,,30.0310804,31.2256242,cairo,Park 
88,El Obour Park,4.3,363,Park,,30.2283408,31.4798948,cairo,Park 
89,Aquarium Grotto Garden,3.8,3965,Park,,30.0563997,31.2190813,cairo,Park 
90,Gezira Island,4.1,40,Park,,30.045137,31.228111,cairo,Park 
91,Fustat Park,3.8,5598,Park,,30,31.233333,cairo,Park 
92,Dar-Uloom Park,3.9,940,Park,,30.03436023,31.2359118,cairo,Park 
93,Play Time Park,4.3,586,Park,,30.0698427,31.2270271,cairo,Park 
94,The International Park,4.1,22154,Park,city,30.0495466,31.3364926,cairo,Park city
95,Ebn Sinder Park,3.7,2100,Park,,30.0896519,31.30278,cairo,Park 
96,Arab Mohammadi Park,3.7,435,Park,,30.07650983,31.27951358,cairo,Park 
97,The water Park Faculty of Agriculture,4.3,158,Park,,30.0192629,31.2108707,cairo,Park 
98,Al-Azhar Park Fountain,4.5,22,Garden,park,30.040758,31.2647327,cairo,Garden park
99,Abdeen Park,4.4,1705,Park,,30.0438541,31.2458707,cairo,Park 
100,Dokki Public Nile View,4.5,13,Park,,30.0394511,31.2025336,cairo,Park 
101,Mamsha Ahl Misr,4.5,3970,Tourist attraction,,30.0607606,31.227474,cairo,Tourist attraction 
102,Golf Park And Dog Park,4.3,595,Park,National Dog,30.0799571,31.330797,cairo,Park National Dog
103,Merryland Park,4.2,16200,Park,,30.0979257,31.3189812,cairo,Park 
104,The Chinese Garden,4.3,122,Garden,,30.0652368,31.31138218,cairo,Garden 
105,Child's Park,4.2,13963,Park,,30.06196455,31.34709932,cairo,Park 
106,Nature Stillness Park,3.7,75,Park,,30.11385837,31.33632338,cairo,Park 
107,Mokkatam Dog Park,4,473,Park,dog,30.01671,31.2850761,cairo,Park dog
108,Azbakeya Garden,3.8,5403,Garden,,30.0517721,31.2477926,cairo,Garden 
109,Orman Garden,4.2,12526,Garden,Botanical,30.0290398,31.2129736,cairo,Garden Botanical
110,My Park,3.6,20,Park,,29.96189869,31.27079159,cairo,Park 
111,Rawdet ElNil Garden,4.1,195,Garden,community,30.076214,31.228531,cairo,Garden community
112,FAMILY PARK,4.4,19509,Park,,30.08108309,31.50176534,cairo,Park 
113,Fostat city,4.4,57,Park,city,30,31.233333,cairo,Park city
114,Al Zohriya Garden,4.2,27,Garden,Botanical,30.0458237,31.2256836,cairo,Garden Botanical
115,Kids Park,4.3,47,Park,,29.9661615,31.24142178,cairo,Park 
116,Lotus Park,4.1,916,Park,,30.04073736,31.33516638,cairo,Park 
117,Paradise Park,4.2,692,Park,,30.06411567,31.33006024,cairo,Park 
118,Cairo Tourist Walk,4.9,15,Hiking area,,30.0444196,31.2357116,cairo,Hiking area 
119,The Maidan Gardens,4.5,505,Park,Garden,29.9565839,31.2671197,cairo,Park Garden
120,Bella garden,4.3,330,Garden,Park,30.11661196,31.35130804,cairo,Garden Park
121,Hadiqet Nil Elmaadi,3.7,403,Park,,29.9299926,31.2808328,cairo,Park 
122,Amusement Park maadi island,3.9,54,Park,,29.96534782,31.23809518,cairo,Park 
123,Cairo Park,3.8,57,Park,,30.1024971,31.5630709,cairo,Park 
124,Naguib Mahfouz Park,4,458,Park,,30.04979703,31.34292168,cairo,Park 
125,Cairo Land,4,170,Park,water,30.0444908,31.2427005,cairo,Park water
126,Jewel Aqua park,4,1449,Park,water,30.047512,31.4012947,cairo,Park water
127,Bikes Park Mostqbal City,4.1,141,Park,,30.1704024,31.5552562,cairo,Park 
128,KidZania Cairo,4.6,7712,Tourist attraction,Theme park Amusment,30.0312764,31.4055411,cairo,Tourist attraction Theme park Amusment
129,Dream Park,4.3,22203,Park,Amusment Park theme,29.96467621,31.05773166,giza,Park Amusment Park theme
130,Helmya Garden,3.9,714,Garden,Botanical,30.1088024,31.3265947,cairo,Garden Botanical
131,Al Moez Ldin Allah Al Fatmi,4.7,1105,Notable street,,30.05094301,31.26157701,cairo,Notable street 
132,Mosque Sultan Al-Zahir Barquq,4.9,8,Mosque,Religious Sites,30.05010418,31.26121552,cairo,Mosque Religious Sites
133,Al-Aqmar Mosque,4.7,1254,Mosque,Religious Sites,30.05159771,31.26203646,cairo,Mosque Religious Sites
134,Qalawun Complex,4.7,768,Historical landmark,,30.04941495,31.26100388,cairo,Historical landmark 
135,New Khan El Khalili Center,4.2,151,Shopping mall,,30.04869682,31.26127981,cairo,Shopping mall 
136,Khan El Khalili Restaurant et Naguib Mahfouz Coffee Shop,4.3,"3,497",Cafe,,30.04807441,31.26161618,cairo,Cafe 
137,El Fishawy Cafe,3.9,"3,062",Cafe,,30.04753185,31.26235631,cairo,Cafe 
138,Al-Hussain Mosque,4.6,"25,191",Mosque,Religious Sites,30.04776633,31.26337538,cairo,Mosque Religious Sites
139,Mosque-Madrasa of Sultan Hassan,4.8,3397,Mosque,Religious Sites,30.0322791,31.2561704,cairo,Mosque Religious Sites
140,Al-Rifa'i Mosque,4.8,2374,Mosque,Religious Sites,30.0327091,31.2570029,cairo,Mosque Religious Sites
141,Mosque of Ibn Tulun,4.7,3477,Mosque,Religious Sites,30.028691,31.2493941,cairo,Mosque Religious Sites
142,Qalawun Complex,4.7,768,Historical landmark,,30.0493992,31.2609617,cairo,Historical landmark 
143,Sultan al-Mu'ayyad Mosque,4.7,969,Mosque,Religious Sites,30.0433361,31.2574361,cairo,Mosque Religious Sites
144,Aqsunqur Mosque,4.7,440,Mosque,Religious Sites,30.0361111,31.2602778,cairo,Mosque Religious Sites
145,Al-Aqmar Mosque,4.7,1254,Mosque,Religious Sites,30.0515694,31.2619356,cairo,Mosque Religious Sites
146,Masjid Sultan Abo Elelaa,4.6,2003,Mosque,Religious Sites,30.0564491,31.2299181,cairo,Mosque Religious Sites
147,Mosque of Muhammad Ali,4.7,4316,Mosque,Religious Sites,30.0287015,31.2599106,cairo,Mosque Religious Sites
148,Masjid Al-Mahmodyah,4.7,78,Mosque,Religious Sites,30.0316082,31.2577427,cairo,Mosque Religious Sites
149,Al-Hussain Mosque in Cairo,4.6,25191,Mosque,Religious Sites,30.0476733,31.2631929,cairo,Mosque Religious Sites
150,Al-Hakim Mosque,4.7,8230,Mosque,Religious Sites,30.0545457,31.2635091,cairo,Mosque Religious Sites
151,Mosque of Qanibay al-Rammah,4.6,75,Mosque,Religious Sites,30.0322704,31.2579496,cairo,Mosque Religious Sites
152,Mosque of al-Salih Tala'i,4.6,164,Mosque,Religious Sites,30.0423523,31.2581069,cairo,Mosque Religious Sites
153,Masjid Elmoaued Sheikh,4.7,132,Historical landmark,Religious Sites Mosque,30.0429527,31.257796,cairo,Historical landmark Religious Sites Mosque
154,Soliman Agha El Selehdar Mosque,4.6,251,Mosque,Religious Sites,30.0554367,31.2516499,cairo,Mosque Religious Sites
156,Al Zahir Baybars Mosque,4.5,3181,Mosque,Religious Sites,30.0626343,31.263026,cairo,Mosque Religious Sites
157,Al-Nour Mosque,4.7,7400,Mosque,Religious Sites,30.0752778,31.2830556,cairo,Mosque Religious Sites
158,Abu Dahab Mosque,4.7,90,Mosque,Religious Sites,30.0459738,31.2619253,cairo,Mosque Religious Sites
159,Abo Heriba mosque,4.7,119,Mosque,Religious Sites,30.0414302,31.2596207,cairo,Mosque Religious Sites
160,Amir Khayrbak Funerary Complex,4.7,73,Mosque,Religious Sites,30.0357198,31.2601594,cairo,Mosque Religious Sites
161,Ad-Demerdash Mosque,4.5,13,Mosque,Religious Sites,30.0751842,31.2772932,cairo,Mosque Religious Sites
162,Prince Qayson mosque,4.7,570,Mosque,Religious Sites,30.0380824,31.2546908,cairo,Mosque Religious Sites
163,Sulayman Pasha Mosque,4.8,40,Mosque,Religious Sites,30.0310511,31.2645331,cairo,Mosque Religious Sites
164,Amr ibn Al-A'as Mosque,4.7,9029,Mosque,Religious Sites,30.0100473,31.2331319,cairo,Mosque Religious Sites
165,Sinan Pasha Mosque,4.7,156,Mosque,Religious Sites,30.0622167,31.2295833,cairo,Mosque Religious Sites
166,Al-Fath Mosque ,4.5,581,Mosque,Religious Sites,30.0978226,31.2757152,cairo,Mosque Religious Sites
167,Mosque of Gamal El-Din El-Ustadar,4.9,13,Mosque,Religious Sites,30.0346652,31.2543912,cairo,Mosque Religious Sites
168,Masged and Madraset Soltan Hassn,4.7,6913,Historical landmark,Religious Sites Mosque,30.0328679,31.2562843,cairo,Historical landmark Religious Sites Mosque
169,Wekalet El Ghoury,4.6,1360,Tourist attraction,Performing arts theater,30.0460471,31.2602093,cairo,Tourist attraction Performing arts theater
170,Mohamed Ali Mosque,4.7,1647,Mosque,Religious Sites,30.0444196,31.2357116,cairo,Mosque Religious Sites
171,Sultan Al-Ashraf Qaytbay Mosque and Mausoleum,4.6,1068,Mosque,Religious Sites,30.0474933,31.2600435,cairo,Mosque Religious Sites
172,Alkekhia Mosque,4.7,520,Mosque,Religious Sites,30.0492959,31.2465807,cairo,Mosque Religious Sites
173,Gamal Abdel Nasser Mosque,4.5,170,Mosque,Religious Sites,30.083415,31.2944055,cairo,Mosque Religious Sites
174,Masjid El Fath,4.7,10233,Mosque,Religious Sites,30.0598415,31.2461689,cairo,Mosque Religious Sites
175,ElRahman ELRahim Mosque,4.9,7,Mosque,Religious Sites,30.0613062,31.2836887,cairo,Mosque Religious Sites
176,Sayeda Aisha Mosque,5,7,Mosque,Religious Sites,30.0246744,31.2567916,cairo,Mosque Religious Sites
177,Aisha Fahmy Palace,4.6,2919,Art Gallery,"Historic Sites  Points of Interest & Landmarks  Architectural Buildings 
",30.05916342,31.22489908,cairo,"Art Gallery Historic Sites  Points of Interest & Landmarks  Architectural Buildings 
"
178,El-Kobba Palace,4.7,88,Palace,,30.09825995,31.30416052,cairo,Palace 
179,Madrasa of Sarghatmish,4.6,27,Mosque,Religious Sites,30.0303265,31.2512798,cairo,Mosque Religious Sites
180,Bab El Nasr,4.5,2134,Historical landmark,,30.0540949,31.2648389,cairo,Historical landmark 
181,Madrasa And Dome Of Sultan Al-Nassir Mohammed Ibn Qalawun,4.6,432,Mosque,Religious Sites,30.0498014,31.2609033,cairo,Mosque Religious Sites
182,Mosque Sanjar Al-Jawli,4.7,15,Historical landmark,Religious Sites Mosque,30.0296099,31.2472271,cairo,Historical landmark Religious Sites Mosque
183,Masjid Al Rahman Al Rahim,4.8,5582,Mosque,Religious Sites,30.0613062,31.2836887,cairo,Mosque Religious Sites
184,Bab Zuweila,4.6,884,Historical landmark,Historic Sites  Points of Interest & Landmarks  Castles,30.042704,31.257777,cairo,Historical landmark Historic Sites  Points of Interest & Landmarks  Castles
185,Kazndar Mosque,4.6,1073,Mosque,Religious Sites,30.0826485,31.2456043,cairo,Mosque Religious Sites
186,El Qalaa,4.7,86,Historical landmark,,30.0903059,31.2591355,cairo,Historical landmark 
187,Masjed Al Ashraf Al Gamei Al Kabeer,4.8,836,Mosque,Religious Sites,30.021789,31.2515254,cairo,Mosque Religious Sites
188,City Of The Dead Cairo Egypt,4.2,137,Cemetery,necropolis,30.0434528,31.272349,cairo,Cemetery necropolis
189,Bayt Almaamar Almasry,4.6,286,Historical place,,30.0324873,31.2583005,cairo,Historical place 
190,The complex of religions,4.6,297,Religious institution,Religious Sites,30.0065168,31.2322989,cairo,Religious institution Religious Sites
191,Al-Hosary Mosque,4.7,51594,Mosque,Religious Sites,30.0444196,31.2357116,cairo,Mosque Religious Sites
192,Al Rahman Mosque,4.7,190,Mosque,Religious Sites,30.0467775,31.2399571,cairo,Mosque Religious Sites
193,Southern Cemetery of Al Basatin,4.2,1176,Historical landmark,cemetry necropolis,30.0210257,31.264828,cairo,Historical landmark cemetry necropolis
194,Firdous Mosque,4.8,46,Mosque,Religious Sites,30.0444196,31.2357116,cairo,Mosque Religious Sites
195,The Hanging Church,4.6,5182,Church,Architectural Buildings  Religious Sites Christinaity,30.0052663,31.2301826,cairo,Church Architectural Buildings  Religious Sites Christinaity
196,Museum Of Modern Egyptian Art,4.2,247,Tourist attraction,Art Museums,30.043688,31.2246792,cairo,Tourist attraction Art Museums
197,El Sayed Ahmad Albadawy Mosque,4.5,2779,Mosque,Religious Sites,30.0444196,31.2357116,cairo,Mosque Religious Sites
198,Sayidi Ibrahim El Dessouky Mosque,4.5,3274,Mosque,Religious Sites,30.0444196,31.2357116,cairo,Mosque Religious Sites
199,El Nabi Daniel Mosque,4.5,1699,Mosque,Religious Sites,31.194923,29.9023409,alexandria,Mosque Religious Sites
200,Abbasi Mosque,4.6,216,Mosque,Religious Sites,30.0444196,31.2357116,cairo,Mosque Religious Sites
201,Mosque of Sidi Abdullah Ibn al-Harith,4.4,53,Mosque,Religious Sites,30.0444196,31.2357116,cairo,Mosque Religious Sites
202,Al-Motawally Al-Trini Al-Kabeer mosque,4.7,124,Mosque,Religious Sites,30.0444196,31.2357116,cairo,Mosque Religious Sites
203,Attarine Mosque,4.6,502,Mosque,Religious Sites,31.1952116,29.8989901,alexandria,Mosque Religious Sites
204,National Military Museum Egypt,4.3,"4,531",Museum,Warfare exhibits dating to ancient times museum,30.030853,31.262557,cairo,Museum Warfare exhibits dating to ancient times museum
205,Al-Gawhara Palace,4,95,Palace,Palatial museum housing cultural relics,30.0279942,31.2594134,cairo,Palace Palatial museum housing cultural relics
206,Orman Garden,4.2,"12,540",Garden,Huge complex of flowers & native plants,30.0290398,31.2129736,cairo,Garden Huge complex of flowers & native plants
207,Saint Barbara Church Complex,4.8,72,Church,Church and architecture Religious sites Christinaity,30.0060835,31.231334,cairo,Church Church and architecture Religious sites Christinaity
208,Umm Kulthum Museum,4.3,761,Museum,biographical museum,30.0074532,31.2252869,cairo,Museum biographical museum
209,Aquarium Grotto Garden,3.8,"3,992",Garden,Leafy park with man-made caves,30.0563997,31.2190813,cairo,Garden Leafy park with man-made caves
210,Valley Temple of Khafre,4.6,338,Historic,Ancient egypt and ancient history historic sites,29.9747367,31.1383572,giza,Historic Ancient egypt and ancient history historic sites
211,Pyramid of Sahure,4.5,88,Historical landmark,Ancient complex of pyramids & temples historic sites,29.8976335,31.2033927,giza,Historical landmark Ancient complex of pyramids & temples historic sites
212,St. George's church,4.7,371,Church,Religious Sites Round church with an ornate interior Christinaity,30.00629949,31.2300886,cairo,Church Religious Sites Round church with an ornate interior Christinaity
213,Mahmoud Mukhtar Museum,4.5,261,Museum,"Museum, sculpture and art",30.0406962,31.2228689,cairo,"Museum Museum, sculpture and art"
214,Rhoda Island,4.4,224,island,,30.0225,31.2261111,cairo,island 
215,Manasterly Palace,4.2,821,Palace,Grand historic building & music venue museum,30.0071815,31.2248196,cairo,Palace Grand historic building & music venue museum
216,Pyramid of Djedefre,4.2,77,Tourist attraction,Ruined ancient site atop a rocky plateau,30.0322618,31.0747136,giza,Tourist attraction Ruined ancient site atop a rocky plateau
217,Zoological Museum,4.7,181,Museum,Speciality Museums zoolgy,30.02076773,31.21492436,giza,Museum Speciality Museums zoolgy
218,Picasso Art Gallery,4.6,311,Art Gallery,"Pablo picasso, art and painting",30.0615061,31.22242,cairo,"Art Gallery Pablo picasso, art and painting"
219,Maadi Island,4.2,"8,124",Garden,,29.9657957,31.2393105,cairo,Garden 
220,Pyramid of Neferirkare,4.4,29,Tourist attraction,Ancient memorial & temple complex Historic Sites,29.8950932,31.2022488,giza,Tourist attraction Ancient memorial & temple complex Historic Sites
221,Unfinished Pyramid,3.9,36,Historical landmark,Ancient egypt and ancient history Historic Sites,29.9402081,31.1514898,giza,Historical landmark Ancient egypt and ancient history Historic Sites
222,Topaz Bazaar,4.5,125,Bazar,Shopping Tours,29.9849193,31.1432103,giza,Bazar Shopping Tours
223,Al Horreya Garden,4.2,"4,063",Garden,Palms & statues in riverside green space Botanical,30.0414695,31.2257914,cairo,Garden Palms & statues in riverside green space Botanical
224,Zamalek Art Gallery,4.6,270,Art Gallery,Art Galleries,30.0613676,31.2229587,cairo,Art Gallery Art Galleries
225,Al-Nasser Mohammed Ibn Kalawoun,4.7,318,Mosque,Religious Sites,30.0292077,31.2608701,cairo,Mosque Religious Sites
226,El Andalos Park,4.1,810,Park,Moorish-style water feature & statues,30.0442019,31.2274082,cairo,Park Moorish-style water feature & statues
227,Islamic Ceramics Museum,3.9,64,Museum,Art Museums,30.0571741,31.2226481,cairo,Museum Art Museums
228,Al-Roda Nilometer,4.5,572,Historical landmark,,30.0069673,31.2250006,cairo,Historical landmark 
229,National Police Museum,3.9,98,Museum,Speciality Museums,30.03083534,31.25991996,cairo,Museum Speciality Museums
230,Karmet Ibn Hanie Cultural Center Ahmed Shawky Museum,4.3,164,Museum,,30.0212625,31.2174341,cairo,Museum 
231,Pyramids of Queens,4.6,386,Historical landmark,Ancient temples at Giza necropolis,29.9715717,31.1279886,giza,Historical landmark Ancient temples at Giza necropolis
232,Safari Park,4.1,"11,594",Park,"Ferris wheel, pony rides & boating",30.07566311,31.19166542,giza,"Park Ferris wheel, pony rides & boating"
233,Geographical Association of Egypt,4.4,75,Museum,,30.041119,31.2360473,cairo,Museum 
234,Abou Seifain Church,4.7,158,Church,Monastery and architecture Religious Sites Christinaity,30.01243597,31.23075397,cairo,Church Monastery and architecture Religious Sites Christinaity
235,The Palace Of Arts,4.5,139,Museum,Art Museums,30.0434641,31.2261003,cairo,Museum Art Museums
236,Jaz?rat Warr?q al ?a?ar,4.4,111,island,,30.1186111,31.2258333,cairo,island 
237,The Royal Mummies Hall,4.7,984,Museum,Ancient Egyptian mummies & coffins,30.0081493,31.2482604,cairo,Museum Ancient Egyptian mummies & coffins
238,Darb 1718,4.3,"1,667",Archive,"Live music, yoga classes & craft courses contemporary art and culture center",30.0030053,31.2317737,cairo,"Archive Live music, yoga classes & craft courses contemporary art and culture center"
239,Safarkhan Art Gallery,4.3,59,Art Gallery,Art and modern art,30.0605233,31.2220453,cairo,Art Gallery Art and modern art
240,Ramses Wissa Wassef Art Center,4.5,124,Art Gallery,Art and museum,29.9687532,31.1759566,giza,Art Gallery Art and museum
241,Jaz?rat adh Dhahab,3.9,20,island,,31.2058333,30.5533333,giza,island 
242,Abou Ghorab Temple,4.5,43,Temple,"Temple, ancient egypt, ancient history and architecture historic sites",29.9040194,31.194124,giza,"Temple Temple, ancient egypt, ancient history and architecture historic sites"
243,Foustat Traditional Crafts Center,4.4,194,art and museum,Handicraft,30.0063684,31.2347231,cairo,art and museum Handicraft
244,Egypt's Renaissance Statue,4.4,208,statue,"Renaissance, art and history",30.0283309,31.2159331,giza,"statue Renaissance, art and history"
245,Sulayman Pasha Mosque,4.8,40,Mosque,Religious Sites,30.0310618,31.2643464,cairo,Mosque Religious Sites
246,Tomb of Queen Khentkawes I,4.5,48,Historical landmark,Historic sites,29.973348,31.1355078,giza,Historical landmark Historic sites
247,Cairo Zoo,3.8,127,Zoo,,30.0221154,31.2160752,giza,Zoo 
248,Nation's House Museum,4.3,220,Museum,,30.03804547,31.23745682,cairo,Museum 
249,Umm Kulthum Park,4.1,"1,513",Park,Landscaped green space on the Nile,30.0310804,31.2256242,cairo,Park Landscaped green space on the Nile
250,Bab El Azab,4.4,34,Historical landmark,,30.0310615,31.2581678,cairo,Historical landmark 
251,Mausoleum of al-Imam al-Shafi'i,4.7,177,Historical landmark,,30.0118028,31.2580629,cairo,Historical landmark 
252,Al Funun Garden,3.8,"4,727",Garden,Riverside spot dotted with palm trees,30.0228072,31.2228763,cairo,Garden Riverside spot dotted with palm trees
253,Pyramid of Hetepheres I,4.5,136,Historical landmark,Remains of an ancient queen's tomb Historic Sites,29.9789197,31.136135,giza,Historical landmark Remains of an ancient queen's tomb Historic Sites
254,Hollywood Sharm El Sheikh,3.9,"4,760",Park,Points of Interest & Landmarks theme,27.8648085,34.298482,sharm el sheikh,Park Points of Interest & Landmarks theme
255,Soho Square Dancing Fountain,4.6,"6,446",Tourist attraction,Points of Interest & Landmarks  Fountains,27.96281412,34.39397681,sharm el sheikh,Tourist attraction Points of Interest & Landmarks  Fountains
256,Mustafa Mosque,4.7,"3,770",Mosque,Points of Interest & Landmarks  Architectural Buildings  Religious Sites ,27.8924689,34.2996353,sharm el sheikh,Mosque Points of Interest & Landmarks  Architectural Buildings  Religious Sites 
257,Cleo Park,4.1,838,Park,Water Parks,27.9168029,34.3229803,sharm el sheikh,Park Water Parks
258,Peace Square,4.5,"1,641",Park,National park,27.96378289,34.36132279,sharm el sheikh,Park National park
259,The Heavenly Cathedral,4.8,"3,664",Church,Churches & Cathedrals Christinaity Religious Sites,27.8880633,34.2954114,sharm el sheikh,Church Churches & Cathedrals Christinaity Religious Sites
260,El Sherif Safari,4.2,"2,580",Tourist attraction,"4WD, ATV & Off-Road Tours  Boat Tours  Water Sports  Sightseeing Tours",27.9429049,34.3123207,sharm el sheikh,"Tourist attraction 4WD, ATV & Off-Road Tours  Boat Tours  Water Sports  Sightseeing Tours"
261,Safari Sharm,4.2,"2,852",Tourist attraction,,27.95350605,34.28735107,sharm el sheikh,Tourist attraction 
262,Old market sharm el sheikh,4.4,"21,874",Cruise agency,Flea & Street Markets,27.8653202,34.2957852,sharm el sheikh,Cruise agency Flea & Street Markets
263,Wadi Al-Khorom,4.3,137,Tourist attraction,,27.94278987,34.29400194,sharm el sheikh,Tourist attraction 
264,The monument in Sharm El Sheikh,4.5,"1,483",Tourist attraction,,27.8486318,34.3163354,sharm el sheikh,Tourist attraction 
265,The Old Market,4.4,"8,825",Tourist attraction,,27.8655573,34.29583884,sharm el sheikh,Tourist attraction 
266,Royal Sea Scope submarine- Egypt SunMarine Fleet,4.4,"1,359",Tourist attraction,Submarine Tours,27.8619154,34.2898595,sharm el sheikh,Tourist attraction Submarine Tours
267,SOHO Square Sharm El Sheikh,4.6,"34,810",Shopping mall,Shopping Malls,27.9625652,34.393809,sharm el sheikh,Shopping mall Shopping Malls
268,Royal Seascope Submarines Hurghada,4.3,718,Tourist attraction,,27.2578957,33.8116067,sharm el sheikh,Tourist attraction 
269,Travelino Club Egypt | Escursioni Sharm el Sheikh Excursions,4.7,117,Travel agency,Cultural Tours  Swim with Dolphins  Boat Tours  Sightseeing Tours  Day Trips,27.8952116,34.3043633,sharm el sheikh,Travel agency Cultural Tours  Swim with Dolphins  Boat Tours  Sightseeing Tours  Day Trips
270,Pedestrian Rd Neama Bay,4.4,"1,314",Tourist attraction,,27.9123271,34.3224149,sharm el sheikh,Tourist attraction 
271,Sharm El Sheikh Museum,4.6,375,Museum,,27.9312948,34.3456962,sharm el sheikh,Museum 
272,Sahaba Mosque,4.8,"2,569",Mosque,Architectural Buildings  Religious Sites,27.86661696,34.2952438,sharm el sheikh,Mosque Architectural Buildings  Religious Sites
273,Ghibli Raceway,4.4,277,Go-kart track,Auto Racing Tracks,27.9219655,34.3446161,sharm el sheikh,Go-kart track Auto Racing Tracks
274,run4peace run4egypt,4.4,109,Historical landmark,,27.96436567,34.36115377,sharm el sheikh,Historical landmark 
275,sharks bay,4.6,474,Beach volleyball club,Beaches,27.95157847,34.38441403,sharm el sheikh,Beach volleyball club Beaches
276,Naama Bay,4.5,"2,389",Water,Bodies of Water  Beaches,27.9116973,34.3324244,sharm el sheikh,Water Bodies of Water  Beaches
277,Oasis safari T,4.1,52,Tourist attraction,,27.9443618,34.3127305,sharm el sheikh,Tourist attraction 
278,Dolphina,4.2,"1,559",Tourist attraction,Amusement & Theme Parks,28.05434221,34.42543794,sharm el sheikh,Tourist attraction Amusement & Theme Parks
279,Safari Assembly,4.2,299,Whale watching tour agency,,27.93819771,34.30999532,sharm el sheikh,Whale watching tour agency 
280,Genena City,4.2,"6,266",Shopping mall,,27.9080092,34.3198269,sharm el sheikh,Shopping mall 
281,VIVA Beach & Restaurant,4,"1,088",Beach,public,27.9094337,34.3266572,sharm el sheikh,Beach public
282,Taj Mahal - Sharm El Sheikh Night Club,3.8,115,Night club,Dance Clubs & Discos,27.859143,34.3114822,sharm el sheikh,Night club Dance Clubs & Discos
283,Great location for Photoshoots,4.8,87,Tourist attraction,,27.79468323,34.2118929,sharm el sheikh,Tourist attraction 
284,Ras Mohamed Nature Reserve,4.8,"1,578",Tourist attraction,,27.749881,34.2384391,sharm el sheikh,Tourist attraction 
285,Rixos Beach,4.8,990,Beach,public,28.02936948,34.44210444,sharm el sheikh,Beach public
286,La Strada Mall,3.9,208,Shopping mall,,28.0428139,34.429247,sharm el sheikh,Shopping mall 
287,Fun & Sun Managed by Rixos Premium,4.8,556,Park,,28.0359458,34.4271087,sharm el sheikh,Park 
288,Luxor Museum,4.7,"4,784",Museum,History Museums,25.7076132,32.6445491,luxor,Museum History Museums
289,Luxor Temple,4.8,"20,901",Archaeological site,Ancient Ruins  Monuments & Statues,25.699502,32.6390509,luxor,Archaeological site Ancient Ruins  Monuments & Statues
290,Karnak,4.8,"19,205",Historical landmark,Historic Sites  Ancient Ruins,25.7188346,32.6572703,luxor,Historical landmark Historic Sites  Ancient Ruins
291,Mummification Museum,4.4,584,Museum,Speciality Museums Archaeological,25.7023166,32.6398497,luxor,Museum Speciality Museums Archaeological
292,Ramesseum,4.7,493,Historical landmark,Ancient Ruins,25.7279952,32.6104602,luxor,Historical landmark Ancient Ruins
293,Avenue of the Rams,4.8,243,Historical landmark,Ancient Ruins  Historic Walking Areas,25.71950343,32.65619879,luxor,Historical landmark Ancient Ruins  Historic Walking Areas
294,Medinet Habu,4.8,"3,256",Historical landmark,Ancient Ruins,25.71933341,32.6013387,luxor,Historical landmark Ancient Ruins
295,First Pylon Luxor Temple,4.5,24,Historical landmark,,25.7003035,32.6396669,luxor,Historical landmark 
296,Colossi of Memnon,4.6,"5,761",Historical landmark,Ancient Ruins  Monuments & Statues,25.7214556,32.608315,luxor,Historical landmark Ancient Ruins  Monuments & Statues
297,Karnak Open-air Museum,4.9,31,Historical landmark,History Museums,25.7204311,32.6574777,luxor,Historical landmark History Museums
298,Valley of the Kings,4.8,"10,872",Archaeological site,,25.7401643,32.601411,luxor,Archaeological site 
299,Avenue of Sphinxes,4.9,65,Historical landmark,,25.701017,32.640525,luxor,Historical landmark 
300,Banana Island,4,"2,298",Park,Islands,25.68359585,32.62283521,luxor,Park Islands
301,Abou al-Haggag Mosque,4.7,"1,352",Mosque,,25.6998692,32.6397745,luxor,Mosque 
302,Valley of the Queens,4.6,"1,283",Historical landmark,Ancient Ruins  Cemeteries,25.7285836,32.5929219,luxor,Historical landmark Ancient Ruins  Cemeteries
303,"Magic Horizon Balloons, Luxor",4.6,248,Balloon ride tour agency,Balloon Rides,25.68801,32.6323989,luxor,Balloon ride tour agency Balloon Rides
304,Ramesses III Temple,4.8,156,Historical landmark,Ancient Ruins,25.71830064,32.65697979,luxor,Historical landmark Ancient Ruins
305,Mut Temple,4.4,371,Historical landmark,Historic Sites  Ancient Ruins  Religious Sites  Monuments & Statues,25.7116622,32.6552125,luxor,Historical landmark Historic Sites  Ancient Ruins  Religious Sites  Monuments & Statues
306,Precinct of Amun-Re,4.8,263,Place of worship,,25.7178004,32.6580312,luxor,Place of worship 
307,Tombs of the Nobles,4.6,281,Historical landmark,Ancient Ruins  Cemeteries,25.7314145,32.5970227,luxor,Historical landmark Ancient Ruins  Cemeteries
308,Sound & Light,4.5,718,Historical landmark,Theatre & Performances,25.7206627,32.65337008,luxor,Historical landmark Theatre & Performances
309,Mortuary Temple of Seti I,4.6,674,Historical landmark,Ancient Ruins,25.7326654,32.6281604,luxor,Historical landmark Ancient Ruins
310,Deir el-Medina,4.7,501,Historical landmark,Historic Sites  Ancient Ruins,25.72809716,32.60143841,luxor,Historical landmark Historic Sites  Ancient Ruins
311,Hypostyle Hall,4.9,143,Historical landmark,,25.71866447,32.65781999,luxor,Historical landmark 
312,Temple Of Khonsu,4.7,70,Historical landmark,Historic Sites  Ancient Ruins,25.7166038,32.65578016,luxor,Historical landmark Historic Sites  Ancient Ruins
313,Mortuary Temple of Hatshepsut,4.7,"14,029",Tourist attraction,Historic Sites  Ancient Ruins  Monuments & Statues,25.7382773,32.6064906,luxor,Tourist attraction Historic Sites  Ancient Ruins  Monuments & Statues
314,Deir el-Bahari,4.7,417,Historical landmark,Ancient Ruins  Monuments & Statues,25.7372608,32.6077347,luxor,Historical landmark Ancient Ruins  Monuments & Statues
315,Temple of Thutmose III,4.8,159,Historical landmark,,25.71785779,32.6595606,luxor,Historical landmark 
316,Mortuary Temple of Amenhotep III,4.6,"6,294",Historical landmark,,25.72143289,32.6090728,luxor,Historical landmark 
317,Luxorstables - Nobi Arabian Horse Stables,4.6,69,Horseback riding service,Nature & Wildlife Tours  Horseback Riding Tours,25.70786982,32.63139174,luxor,Horseback riding service Nature & Wildlife Tours  Horseback Riding Tours
318,Luxor Fruit and Vegetable Market,4,972,Fruit and vegetable store,Flea & Street Markets  Farmers Markets,25.6978564,32.64615,luxor,Fruit and vegetable store Flea & Street Markets  Farmers Markets
319,King Tut Balloons,4.8,29,Balloon ride tour agency,Balloon Rides  Private Tours,25.6832671,32.6338552,luxor,Balloon ride tour agency Balloon Rides  Private Tours
320,First Pylon,4.8,68,Historical landmark,,25.71929571,32.65691857,luxor,Historical landmark 
321,Wadi El Rayan Fayoum Fall,4.3,1611,Waterfalls,Waterfalls,29.1908915,30.4011911,fayoum,Waterfalls Waterfalls
322,Fayoum Oasis,4,76,Oasis,City Tours  Cultural Tours  Climbing Tours  Day Trips,29.453611,30.580833,fayoum,Oasis City Tours  Cultural Tours  Climbing Tours  Day Trips
323,The Pyramid of Sneferu,4.5,14,Points of Interest & Landmarks,,29.8085947,31.2066131,fayoum,Points of Interest & Landmarks 
324,Waterwheels in Al Faiyum,3.5,25,Points of Interest & Landmarks,Points of Interest & Landmarks,29.453611,30.580833,fayoum,Points of Interest & Landmarks Points of Interest & Landmarks
325,Pyramids of El Fayoum,4.5,3,Monuments & Statues,Monuments & Statues,29.3084021,30.8428497,fayoum,Monuments & Statues Monuments & Statues
326,Fayoum Art Center,4,8,Art Gallery,Art Galleries  Art Museums,29.39912209,30.48958566,fayoum,Art Gallery Art Galleries  Art Museums
327,Karanis,4,9,Ancient Ruins,Ancient Ruins,29.51873041,30.90329313,fayoum,Ancient Ruins Ancient Ruins
328,Kom Aushim Museum,4.1,120,Museum,History Musems,29.5185688,30.8977976,fayoum,Museum History Musems
329,Al Sultan Qaitbay Mosque,4.7,268,Mosque,,30.0474933,31.2600435,fayoum,Mosque 
330,Qasr Qaroun Temple,4.2,468,Historical landmark,,29.4056751,30.4183155,fayoum,Historical landmark 
331,Magic lake camp,4.4,58,Campground,,29.1614876,30.3409296,fayoum,Campground 
332,Citadel of Qaitbay,4.4,37071,Fortress,15th-century fortress & naval museum,31.214011,29.8856383,alexandria,Fortress 15th-century fortress & naval museum
333,Montaza Palace,4.5,15723,Palace,1932 ornate palace & extensive gardens,31.2884954,30.0159692,alexandria,Palace 1932 ornate palace & extensive gardens
334,Bibliotheca Alexandrina,4.6,6221,Library,Landmark contemporary library complex,31.2088705,29.9092012,alexandria,Library Landmark contemporary library complex
335,Serapeum of Alexandria,4.3,6206,Temple,Iconic Roman-era granite column,31.18259441,29.89626574,alexandria,Temple Iconic Roman-era granite column
336,Sidi Morsi Abu al-Abbas Mosque,4.6,2753,Mosque,"Large, architecturally notable mosque Religious Sites",31.2055367,29.8823048,alexandria,"Mosque Large, architecturally notable mosque Religious Sites"
337,Catacombs of Kom el Shoqafa,4.5,3187,archaeological site,Burial chambers from the 2nd century,31.1787378,29.8930706,alexandria,archaeological site Burial chambers from the 2nd century
338,Alexandria National Museum,4.4,2185,Museum,Egyptian history in an Italianate palace,31.2007415,29.9131977,alexandria,Museum Egyptian history in an Italianate palace
339,Royal Jewelry Museum,4.6,6247,Museum,Collections from Muhammad Ali dynasty,31.2406096,29.9632848,alexandria,Museum Collections from Muhammad Ali dynasty
340,Ancient Roman Theatre,4.4,4894,Theatre,Ruins of a Roman theater & villa,31.19487502,29.90403583,alexandria,Theatre Ruins of a Roman theater & villa
341,Stanley Bridge,4.6,31926,Bridge,Landmark Arab-style bay crossing,31.2352292,29.94864161,alexandria,Bridge Landmark Arab-style bay crossing
342,Cavafy Museum,4.3,553,Museum,Former home of a well-known Greek poet,31.1975855,29.9012432,alexandria,Museum Former home of a well-known Greek poet
343,El Mamurah Beach,4.2,12013,Beach,Lively spot with cafes & a promenade,31.2908176,30.0306679,alexandria,Beach Lively spot with cafes & a promenade
344,Mahmoud Said Museum,4.5,193,Museum,,31.24439,29.9690143,alexandria,Museum 
345,The Cathedral of St. Mark,4.8,2765,Church,Iconic Coptic church on an ancient site Religious Sites Christinaity,31.1983817,29.8995655,alexandria,Church Iconic Coptic church on an ancient site Religious Sites Christinaity
346,Greco-Roman Museum,3.9,459,Museum,HIstory Mummies & other archaeological objects,31.199182,29.9065953,alexandria,Museum HIstory Mummies & other archaeological objects
347,Alexandria Naval Unknown Soldier Memorial,4.3,14254,Monument,,31.1999988,29.8937569,alexandria,Monument 
348,Corniche Alexandria,4.6,403,Waterfront promenade,dating from 1870,31.20974168,29.90762047,alexandria,Waterfront promenade dating from 1870
349,Al Qaaed Ibrahim Basha Mosque,4.7,3559,Mosque,Religious Sites,31.2031434,29.9038373,alexandria,Mosque Religious Sites
350,El Montazah Park,4.1,98,Park,,31.2850062,30.0259124,alexandria,Park 
351,Kom el Dikka,4.3,125,archaeological site,,31.197497,29.9089976,alexandria,archaeological site 
352,Elmontaza Garden,4.5,3171,Garden,Palace grounds with flowerbeds & beaches,31.2839501,30.0162112,alexandria,Garden Palace grounds with flowerbeds & beaches
353,El Nabi Daniel Mosque,4.5,1699,Mosque,Religious Sites,31.194923,29.9023409,alexandria,Mosque Religious Sites
354,Alexandria Corniche,4.6,1552,Beach,,31.2095857,29.9076312,alexandria,Beach 
355,Mohamed Ali Pasha Statue,4.3,3371,Statue,,31.1973785,29.8928748,alexandria,Statue 
356,Montazah Beach,4.6,743,Beach,,31.29302559,30.02033992,alexandria,Beach 
357,St. Takla Church,4.4,810,Church,church and christianity Historic sites Religious Sites,31.21073097,29.92628385,alexandria,Church church and christianity Historic sites Religious Sites
358,Alexandria Aquarium,4.2,1237,Aquarium,museum & research center,31.2128324,29.8849972,alexandria,Aquarium museum & research center
359,Museum of Fine Arts,4.4,417,Museum,Art Museum,31.19534671,29.91343744,alexandria,Museum Art Museum
360,Saint Catherine Cathedral,4.6,521,Church,"Cathedral, architecture, church and history Religious Sites Christinaity",31.1947099,29.894522,alexandria,"Church Cathedral, architecture, church and history Religious Sites Christinaity"
361,Sir. Allenby Garden,4.4,800,Garden,park,31.2252098,29.9554437,alexandria,Garden park
362,Planetarium Science Center (PSC),4.6,276,Planetarium,Space & IMAX movies in a dome theater,31.2089757,29.908139,alexandria,Planetarium Space & IMAX movies in a dome theater
363,Elharamlik Palace,4.5,179,Palace,,31.28852082,30.01638469,alexandria,Palace 
364,Tea island,4.4,406,island,,31.29205481,30.02115519,alexandria,island 
365,Princess Aziza Fahmy's Palace,4.3,557,History,,31.2420139,29.9613701,alexandria,History 
366,Montazah Aida Beach,4.5,190,Beach,,30.8351558,29.233206,alexandria,Beach 
367,El Attarine mosque,4.6,143,Mosque,Religious Sites,31.1952116,29.8989901,alexandria,Mosque Religious Sites
368,Antoniades Palace,4.1,395,Palace,History,31.2022828,29.9507256,alexandria,Palace History
369,Tolip Beach,4,1866,Beach,,31.2431734,29.9614991,alexandria,Beach 
370,Sky Yacht Club,4.2,471,Beach,,31.2897868,30.0246979,alexandria,Beach 
371,kouta park,4,5907,Park,,31.2846849,30.0340303,alexandria,Park 
372,Stanli Beach,4.3,511,Beach,,31.2338889,29.9458333,alexandria,Beach 
373,Ras Soda Temple,4.1,126,Temple,,31.2032367,29.9187628,alexandria,Temple 
374,Mustafa Kamel Hellenistic Necropolis,4.2,53,History,,31.2307362,29.9476039,alexandria,History 
375,Glime Beach,3.7,906,Beach,,31.2411182,29.9594619,alexandria,Beach 
376,Arabic Calligraphy Museum,4.2,36,Museum,,31.1950882,29.9130973,alexandria,Museum 
377,Cleopatra Beach,4,37,Beach,,36.5533266,31.9728367,alexandria,Beach 
378,Eliahu Hanavi Synagogue,3.9,148,Synagogue,"judaism, history and architecture Religious Sites",31.1992053,29.9003701,alexandria,"Synagogue judaism, history and architecture Religious Sites"
379,San Stifanu Beach,4.3,30,Beach,,31.2480556,29.9652778,alexandria,Beach 
380,Sh??i' al Anf?sh?,4.3,116,Beach,,31.2088514,29.8826219,alexandria,Beach 
381,Magic Planet City Centre Alexandria,4.4,183,Park,Amusment Park theme,31.1659103,29.9325205,alexandria,Park Amusment Park theme
382,Keluobatra Beath,4.4,128,Beach,,36.5533266,31.9728367,alexandria,Beach 
383,El Montazah Beach,4.3,130,Beach,,31.2823398,30.011602,alexandria,Beach 
384,Antoniades Garden's,3.9,2041,Garden,Green space with palms & sculptures,31.2056765,29.9469988,alexandria,Garden Green space with palms & sculptures
385,San Dtephano Beach,4.4,35,Beach,,31.24415542,29.96296636,alexandria,Beach 
386,Al Ibrahimiyyah Beach,4.3,19,Beach,,31.2172222,29.9241667,alexandria,Beach 
387,Stanley Beach,4.2,38,Beach,,31.23399423,29.94585424,alexandria,Beach 
388,Taverna Aqua City,3.9,14,Park,Garden,31.2448042,30.0016946,alexandria,Park Garden
389,National Maritime Museum,3.8,77,Museum,Marine,31.23646398,29.95113037,alexandria,Museum Marine
390,El Nozha Park,3.8,199,Park,Garden,31.2030352,29.9438198,alexandria,Park Garden
391,Teachers' Club Beach,3.6,70,Beach,,31.2313317,29.94357786,alexandria,Beach 
392,Al Shalalat Park,3.8,4503,Park,Palm-lined footpaths & city wall ruins,31.2026889,29.914543,alexandria,Park Palm-lined footpaths & city wall ruins
393,El Alamein War Cemetery - British,4.5,68,Military cemetery,,30.8372144,28.9467165,alexandria,Military cemetery 
394,Beach Hotel Rose Asafra,3.8,2969,Beach,"Swimming, seafront cafes & sunset views public",31.275447,30.0019763,alexandria,"Beach Swimming, seafront cafes & sunset views public"
395,International park Alexandria,3.7,720,Park,Garden,31.1784768,29.930292,alexandria,Park Garden
396,Nelson's Island,4.3,95,island,,31.3578332,30.1058765,alexandria,island 
397,Honey Moon Beach,4.3,247,Beach,,31.13698256,29.78160044,alexandria,Beach 
398,Elbeytash Beach,4,128,Beach,,31.13240911,29.77865418,alexandria,Beach 
399,Abu Qir Bay,4.6,26,Bay,"Ancient history, ruins, archaeological excavation and ancient egypt",31.3,30.166667,alexandria,"Bay Ancient history, ruins, archaeological excavation and ancient egypt"
400,Alexandria Zoo,3.6,11603,Zoo,"Lions, reptiles & a variety of birds",31.2048453,29.94356434,alexandria,"Zoo Lions, reptiles & a variety of birds"
401,Hurghada Grand Aquarium,4.3,"7,948",Tourist attraction,,27.1343995,33.821875,hurghada,Tourist attraction 
402,Mini Egypt Park,4.4,990,Tourist attraction,Speciality Museums  Points of Interest & Landmarks,26.9876208,33.8562656,hurghada,Tourist attraction Speciality Museums  Points of Interest & Landmarks
403,Sand City Hurghada,4.3,"2,069",Tourist attraction,,27.099592,33.8230867,hurghada,Tourist attraction 
404,ALmamsha park,4.3,"2,486",Tourist attraction,,27.190213,33.8324792,hurghada,Tourist attraction 
405,Hurghada Marine Museum & Aquarium,4.3,155,Tourist attraction,,27.2836341,33.7722238,hurghada,Tourist attraction 
406,"Sliders Cable Park - El Gouna, Egypt",4.5,779,Tourist attraction,water park,27.3772722,33.6608179,hurghada,Tourist attraction water park
407,Monument to the martyrs of the Battle of Shidwan Island,4.4,163,Park,memorial park,27.505226,33.982086,hurghada,Park memorial park
408,Makadi Water World,4.6,36,Park,water park,26.9824965,33.8728898,hurghada,Park water park
409,Hurghada Museum,4.4,678,Museum,,27.1605512,33.8214559,hurghada,Museum 
410,Senzo Mall,4.4,"19,324",Shopping mall,Shopping mall,27.0955375,33.8219067,hurghada,Shopping mall Shopping mall
411,Steg Pharao Azur Resort,4.2,23,Tourist attraction,,27.0872124,33.8479519,hurghada,Tourist attraction 
412,ponorka Sindbad,4.4,47,Tourist attraction,,27.17321419,33.85306072,hurghada,Tourist attraction 
413,Forest Tree,4,33,National forest,,27.3077062,33.7198547,hurghada,National forest 
414,Sindbad Aqua Park,4.5,31,Park,water,27.190213,33.8324792,hurghada,Park water
415,Paradise Beach,4.5,"5,909",Tourist attraction,Beaches,27.1814387,33.9539221,hurghada,Tourist attraction Beaches
416,Orange Bay,4.4,"7,488",Tourist attraction,Parasailing & Paragliding  Safaris  Adrenaline & Extreme Tours  Swim with Dolphins  Boat Tours  Waterskiing & Jetskiing  Fishing Charters & Tours  Speed Boats Tours  Day Trips,27.2083739,33.9265071,hurghada,Tourist attraction Parasailing & Paragliding  Safaris  Adrenaline & Extreme Tours  Swim with Dolphins  Boat Tours  Waterskiing & Jetskiing  Fishing Charters & Tours  Speed Boats Tours  Day Trips
417,Submarine adventures - Hurghada,4.5,"11,127",Boat tour agency,,27.2239061,33.8409421,hurghada,Boat tour agency 
418,Sherry.St.,4.3,"2,598",Park,,27.22023501,33.83600504,hurghada,Park 
419,Sindbad Submarines,4.5,786,Boat tour agency,Submarine Tours,27.1870198,33.8349315,hurghada,Boat tour agency Submarine Tours
420,Davinci Beach,4.6,14,Recreation center,,27.257896,33.811607,hurghada,Recreation center 
421,Ramashka Tours Hurghada - Bus Tours - Boat Trips,4.7,126,Sightseeing tour agency,Scuba & Snorkelling  Swim with Dolphins  Boat Tours  Sightseeing Tours  Private Tours,27.226173,33.838056,hurghada,Sightseeing tour agency Scuba & Snorkelling  Swim with Dolphins  Boat Tours  Sightseeing Tours  Private Tours
422,Sea lovers. ????????? ? ???????,5,30,Hiking area,"Scuba & Snorkelling  Submarine Tours  Historical & Heritage Tours  Boat Tours  Private Tours  Bus Tours  4WD, ATV & Off-Road Tours  Safaris  Taxis & Shuttles  Walking Tours  Fishing Charters & Tours  Gear Rentals  Dolphin & Whale Watching  Day Trips",27.2578957,33.8116067,hurghada,"Hiking area Scuba & Snorkelling  Submarine Tours  Historical & Heritage Tours  Boat Tours  Private Tours  Bus Tours  4WD, ATV & Off-Road Tours  Safaris  Taxis & Shuttles  Walking Tours  Fishing Charters & Tours  Gear Rentals  Dolphin & Whale Watching  Day Trips"
423,Funnydivers Diving Center Hurghada - Egypt,5,"1,687",SCUBA tour agency,Scuba & Snorkelling,27.2588374,33.8194789,hurghada,SCUBA tour agency Scuba & Snorkelling
424,Dive UK Hurghada,5,153,Diving center,Sports Camps & Clinics  Scuba & Snorkelling  Adrenaline & Extreme Tours  Taxis & Shuttles  Boat Tours  Private Tours  Dolphin & Whale Watching  Day Trips,27.226189,33.8410469,hurghada,Diving center Sports Camps & Clinics  Scuba & Snorkelling  Adrenaline & Extreme Tours  Taxis & Shuttles  Boat Tours  Private Tours  Dolphin & Whale Watching  Day Trips
425,Bullet Speedboats,5,64,Boat rental service,Scuba & Snorkelling  Swim with Dolphins  Boat Tours  Private Tours  Dolphin & Whale Watching  Speed Boats Tours  Day Trips,27.2244643,33.8411446,hurghada,Boat rental service Scuba & Snorkelling  Swim with Dolphins  Boat Tours  Private Tours  Dolphin & Whale Watching  Speed Boats Tours  Day Trips
426,Desert Safari Hurghada,4.3,164,Sightseeing tour agency,,27.1328779,33.7807325,hurghada,Sightseeing tour agency 
427,Crazy Dolphin Diving Center,4.7,139,SCUBA instructor,Scuba & Snorkelling  Boat Tours,27.2477625,33.8475875,hurghada,SCUBA instructor Scuba & Snorkelling  Boat Tours
428,ALFayrouz beach,3.8,180,Beach,public,27.2179868,33.8417807,hurghada,Beach public
429,Akhenaten Egypt Gallery,2.5,30,Art Gallery,Art Galleries,27.1885356,33.822085,hurghada,Art Gallery Art Galleries
430,Dive Hurghada,4.8,330,SCUBA instructor,Scuba & Snorkelling  Shark Diving  Safaris  Boat Tours  Water Sports,27.1980004,33.8428959,hurghada,SCUBA instructor Scuba & Snorkelling  Shark Diving  Safaris  Boat Tours  Water Sports
431,Mahmya Island,4.7,"3,987",island,Islands,27.1827177,33.9596303,hurghada,island Islands
432,"Cleopatra Bazar Sheraton road, Hurghada",4.2,209,Shopping mall,,27.2137874,33.8401032,hurghada,Shopping mall 
433,Egypt Divers,4.5,443,Diving center,,27.2578957,33.8116067,hurghada,Diving center 
