user_id,attraction_id,rating,flag,city
1,5,5,F,cairo
1,12,5,F,cairo
1,20,5,F,cairo
1,22,5,F,cairo
1,24,5,F,cairo
1,27,5,F,cairo
1,29,5,F,cairo
1,31,5,F,cairo
1,34,5,F,giza
1,38,5,F,giza
1,40,5,F,giza
1,42,5,F,giza
1,59,5,F,cairo
1,74,5,F,cairo
1,79,5,F,giza
1,134,5,F,cairo
1,142,5,F,cairo
1,153,5,F,cairo
1,168,5,F,cairo
1,177,5,F,cairo
1,178,5,F,cairo
1,180,5,F,cairo
1,182,5,F,cairo
1,184,5,F,cairo
1,186,5,F,cairo
1,193,5,F,cairo
1,205,5,F,cairo
1,211,5,F,giza
1,214,5,F,cairo
1,215,5,F,cairo
1,218,5,F,cairo
1,221,5,F,giza
1,224,5,F,cairo
1,228,5,F,cairo
1,231,5,F,giza
1,236,5,F,cairo
1,239,5,F,cairo
1,240,5,F,giza
1,241,5,F,giza
1,242,5,F,giza
1,246,5,F,giza
1,250,5,F,cairo
1,251,5,F,cairo
1,253,5,F,giza
1,274,5,F,sharm el sheikh
1,290,5,F,luxor
1,292,5,F,luxor
1,293,5,F,luxor
1,294,5,F,luxor
1,295,5,F,luxor
1,296,5,F,luxor
1,297,5,F,luxor
1,299,5,F,luxor
1,302,5,F,luxor
1,304,5,F,luxor
1,305,5,F,luxor
1,307,5,F,luxor
1,308,5,F,luxor
1,309,5,F,luxor
1,310,5,F,luxor
1,311,5,F,luxor
1,312,5,F,luxor
1,314,5,F,luxor
1,315,5,F,luxor
1,316,5,F,luxor
1,320,5,F,luxor
1,326,5,F,fayoum
1,330,5,F,fayoum
1,333,5,F,alexandria
1,335,5,F,alexandria
1,363,5,F,alexandria
1,364,5,F,alexandria
1,368,5,F,alexandria
1,373,5,F,alexandria
1,396,5,F,alexandria
1,429,5,F,hurghada
1,431,5,F,hurghada
2,11,5,F,cairo
2,14,5,F,cairo
2,16,5,F,cairo
2,17,5,F,cairo
2,18,5,F,cairo
2,21,5,F,cairo
2,29,5,F,cairo
2,41,5,F,cairo
2,47,5,F,cairo
2,48,5,F,cairo
2,49,5,F,cairo
2,50,5,F,cairo
2,51,5,F,cairo
2,52,5,F,cairo
2,53,5,F,cairo
2,54,5,F,cairo
2,55,5,F,cairo
2,56,5,F,giza
2,57,5,F,luxor
2,58,5,F,cairo
2,60,5,F,cairo
2,61,5,F,cairo
2,62,5,F,giza
2,63,5,F,cairo
2,64,5,F,cairo
2,65,5,F,cairo
2,66,5,F,cairo
2,68,5,F,cairo
2,69,5,F,cairo
2,70,5,F,cairo
2,71,5,F,cairo
2,72,5,F,cairo
2,73,5,F,cairo
2,75,5,F,Alexandria
2,76,5,F,Alexandria
2,77,5,F,cairo
2,78,5,F,cairo
2,79,5,F,giza
2,81,5,F,cairo
2,82,5,F,cairo
2,83,5,F,cairo
2,135,5,F,cairo
2,177,5,F,cairo
2,204,5,F,cairo
2,208,5,F,cairo
2,213,5,F,cairo
2,214,5,F,cairo
2,217,5,F,giza
2,218,5,F,cairo
2,224,5,F,cairo
2,227,5,F,cairo
2,229,5,F,cairo
2,230,5,F,cairo
2,233,5,F,cairo
2,235,5,F,cairo
2,236,5,F,cairo
2,237,5,F,cairo
2,239,5,F,cairo
2,240,5,F,giza
2,241,5,F,giza
2,247,5,F,giza
2,248,5,F,cairo
2,267,5,F,sharm el sheikh
2,271,5,F,sharm el sheikh
2,280,5,F,sharm el sheikh
2,286,5,F,sharm el sheikh
2,288,5,F,luxor
2,291,5,F,luxor
2,326,5,F,fayoum
2,328,5,F,fayoum
2,338,5,F,alexandria
2,339,5,F,alexandria
2,342,5,F,alexandria
2,344,5,F,alexandria
2,346,5,F,alexandria
2,359,5,F,alexandria
2,364,5,F,alexandria
2,376,5,F,alexandria
2,389,5,F,alexandria
2,396,5,F,alexandria
2,400,5,F,alexandria
2,409,5,F,hurghada
2,410,5,F,hurghada
2,429,5,F,hurghada
2,431,5,F,hurghada
2,432,5,F,hurghada
3,3,5,F,cairo
3,4,5,F,cairo
3,6,5,F,cairo
3,8,5,F,cairo
3,9,5,F,cairo
3,11,5,F,cairo
3,13,5,F,cairo
3,14,5,F,cairo
3,15,5,F,cairo
3,16,5,F,cairo
3,17,5,F,cairo
3,18,5,F,cairo
3,21,5,F,cairo
3,23,5,F,cairo
3,26,5,F,cairo
3,30,5,F,cairo
3,35,5,F,cairo
3,36,5,F,cairo
3,37,5,F,cairo
3,39,5,F,cairo
3,41,5,F,cairo
3,44,5,F,cairo
3,45,5,F,cairo
3,47,5,F,cairo
3,48,5,F,cairo
3,49,5,F,cairo
3,50,5,F,cairo
3,51,5,F,cairo
3,52,5,F,cairo
3,53,5,F,cairo
3,54,5,F,cairo
3,55,5,F,cairo
3,56,5,F,giza
3,57,5,F,luxor
3,58,5,F,cairo
3,60,5,F,cairo
3,61,5,F,cairo
3,62,5,F,giza
3,63,5,F,cairo
3,64,5,F,cairo
3,65,5,F,cairo
3,66,5,F,cairo
3,68,5,F,cairo
3,69,5,F,cairo
3,70,5,F,cairo
3,71,5,F,cairo
3,72,5,F,cairo
3,73,5,F,cairo
3,75,5,F,Alexandria
3,76,5,F,Alexandria
3,77,5,F,cairo
3,78,5,F,cairo
3,81,5,F,cairo
3,82,5,F,cairo
3,83,5,F,cairo
3,84,5,F,cairo
3,86,5,F,cairo
3,87,5,F,cairo
3,88,5,F,cairo
3,89,5,F,cairo
3,90,5,F,cairo
3,91,5,F,cairo
3,92,5,F,cairo
3,93,5,F,cairo
3,94,5,F,cairo
3,95,5,F,cairo
3,96,5,F,cairo
3,97,5,F,cairo
3,99,5,F,cairo
3,100,5,F,cairo
3,102,5,F,cairo
3,103,5,F,cairo
3,105,5,F,cairo
3,106,5,F,cairo
3,107,5,F,cairo
3,110,5,F,cairo
3,112,5,F,cairo
3,113,5,F,cairo
3,115,5,F,cairo
3,116,5,F,cairo
3,117,5,F,cairo
3,119,5,F,cairo
3,121,5,F,cairo
3,122,5,F,cairo
3,123,5,F,cairo
3,124,5,F,cairo
3,125,5,F,cairo
3,126,5,F,cairo
3,127,5,F,cairo
3,129,5,F,giza
3,132,5,F,cairo
3,133,5,F,cairo
3,138,5,F,cairo
3,139,5,F,cairo
3,140,5,F,cairo
3,141,5,F,cairo
3,143,5,F,cairo
3,144,5,F,cairo
3,145,5,F,cairo
3,146,5,F,cairo
3,147,5,F,cairo
3,148,5,F,cairo
3,149,5,F,cairo
3,150,5,F,cairo
3,151,5,F,cairo
3,152,5,F,cairo
3,154,5,F,cairo
3,155,5,F,cairo
3,156,5,F,cairo
3,157,5,F,cairo
3,158,5,F,cairo
3,159,5,F,cairo
3,160,5,F,cairo
3,161,5,F,cairo
3,162,5,F,cairo
3,163,5,F,cairo
3,164,5,F,cairo
3,165,5,F,cairo
3,166,5,F,cairo
3,167,5,F,cairo
3,170,5,F,cairo
3,171,5,F,cairo
3,172,5,F,cairo
3,173,5,F,cairo
3,174,5,F,cairo
3,175,5,F,cairo
3,176,5,F,cairo
3,179,5,F,cairo
3,181,5,F,cairo
3,183,5,F,cairo
3,185,5,F,cairo
3,187,5,F,cairo
3,191,5,F,cairo
3,192,5,F,cairo
3,194,5,F,cairo
3,197,5,F,cairo
3,198,5,F,cairo
3,199,5,F,alexandria
3,200,5,F,cairo
3,201,5,F,cairo
3,202,5,F,cairo
3,203,5,F,alexandria
3,204,5,F,cairo
3,208,5,F,cairo
3,213,5,F,cairo
3,214,5,F,cairo
3,217,5,F,giza
3,222,5,F,giza
3,225,5,F,cairo
3,226,5,F,cairo
3,227,5,F,cairo
3,229,5,F,cairo
3,230,5,F,cairo
3,232,5,F,giza
3,233,5,F,cairo
3,235,5,F,cairo
3,236,5,F,cairo
3,237,5,F,cairo
3,241,5,F,giza
3,245,5,F,cairo
3,248,5,F,cairo
3,249,5,F,cairo
3,254,5,F,sharm el sheikh
3,256,5,F,sharm el sheikh
3,257,5,F,sharm el sheikh
3,258,5,F,sharm el sheikh
3,271,5,F,sharm el sheikh
3,272,5,F,sharm el sheikh
3,287,5,F,sharm el sheikh
3,288,5,F,luxor
3,291,5,F,luxor
3,300,5,F,luxor
3,301,5,F,luxor
3,328,5,F,fayoum
3,329,5,F,fayoum
3,336,5,F,alexandria
3,338,5,F,alexandria
3,339,5,F,alexandria
3,342,5,F,alexandria
3,344,5,F,alexandria
3,346,5,F,alexandria
3,349,5,F,alexandria
3,350,5,F,alexandria
3,353,5,F,alexandria
3,359,5,F,alexandria
3,364,5,F,alexandria
3,367,5,F,alexandria
3,371,5,F,alexandria
3,376,5,F,alexandria
3,381,5,F,alexandria
3,388,5,F,alexandria
3,389,5,F,alexandria
3,390,5,F,alexandria
3,392,5,F,alexandria
3,395,5,F,alexandria
3,396,5,F,alexandria
3,407,5,F,hurghada
3,408,5,F,hurghada
3,409,5,F,hurghada
3,414,5,F,hurghada
3,418,5,F,hurghada
3,431,5,F,hurghada
4,4,5,F,cairo
4,5,5,F,cairo
4,6,5,F,cairo
4,8,5,F,cairo
4,9,5,F,cairo
4,12,5,F,cairo
4,13,5,F,cairo
4,15,5,F,cairo
4,20,5,F,cairo
4,22,5,F,cairo
4,23,5,F,cairo
4,24,5,F,cairo
4,26,5,F,cairo
4,27,5,F,cairo
4,29,5,F,cairo
4,30,5,F,cairo
4,31,5,F,cairo
4,34,5,F,giza
4,35,5,F,cairo
4,36,5,F,cairo
4,37,5,F,cairo
4,38,5,F,giza
4,39,5,F,cairo
4,40,5,F,giza
4,42,5,F,giza
4,44,5,F,cairo
4,45,5,F,cairo
4,74,5,F,cairo
4,79,5,F,giza
4,84,5,F,cairo
4,86,5,F,cairo
4,87,5,F,cairo
4,88,5,F,cairo
4,89,5,F,cairo
4,90,5,F,cairo
4,91,5,F,cairo
4,92,5,F,cairo
4,93,5,F,cairo
4,94,5,F,cairo
4,95,5,F,cairo
4,96,5,F,cairo
4,97,5,F,cairo
4,99,5,F,cairo
4,100,5,F,cairo
4,102,5,F,cairo
4,103,5,F,cairo
4,105,5,F,cairo
4,106,5,F,cairo
4,107,5,F,cairo
4,110,5,F,cairo
4,112,5,F,cairo
4,113,5,F,cairo
4,115,5,F,cairo
4,116,5,F,cairo
4,117,5,F,cairo
4,119,5,F,cairo
4,121,5,F,cairo
4,122,5,F,cairo
4,123,5,F,cairo
4,124,5,F,cairo
4,125,5,F,cairo
4,126,5,F,cairo
4,127,5,F,cairo
4,129,5,F,giza
4,132,5,F,cairo
4,133,5,F,cairo
4,134,5,F,cairo
4,138,5,F,cairo
4,139,5,F,cairo
4,140,5,F,cairo
4,141,5,F,cairo
4,142,5,F,cairo
4,143,5,F,cairo
4,144,5,F,cairo
4,145,5,F,cairo
4,146,5,F,cairo
4,147,5,F,cairo
4,148,5,F,cairo
4,149,5,F,cairo
4,150,5,F,cairo
4,151,5,F,cairo
4,152,5,F,cairo
4,153,5,F,cairo
4,154,5,F,cairo
4,155,5,F,cairo
4,156,5,F,cairo
4,157,5,F,cairo
4,158,5,F,cairo
4,159,5,F,cairo
4,160,5,F,cairo
4,161,5,F,cairo
4,162,5,F,cairo
4,163,5,F,cairo
4,164,5,F,cairo
4,165,5,F,cairo
4,166,5,F,cairo
4,167,5,F,cairo
4,168,5,F,cairo
4,170,5,F,cairo
4,171,5,F,cairo
4,172,5,F,cairo
4,173,5,F,cairo
4,174,5,F,cairo
4,175,5,F,cairo
4,176,5,F,cairo
4,177,5,F,cairo
4,179,5,F,cairo
4,180,5,F,cairo
4,181,5,F,cairo
4,182,5,F,cairo
4,183,5,F,cairo
4,184,5,F,cairo
4,185,5,F,cairo
4,186,5,F,cairo
4,187,5,F,cairo
4,191,5,F,cairo
4,192,5,F,cairo
4,193,5,F,cairo
4,194,5,F,cairo
4,197,5,F,cairo
4,198,5,F,cairo
4,199,5,F,alexandria
4,200,5,F,cairo
4,201,5,F,cairo
4,202,5,F,cairo
4,203,5,F,alexandria
4,211,5,F,giza
4,218,5,F,cairo
4,221,5,F,giza
4,224,5,F,cairo
4,225,5,F,cairo
4,226,5,F,cairo
4,228,5,F,cairo
4,231,5,F,giza
4,232,5,F,giza
4,239,5,F,cairo
4,240,5,F,giza
4,245,5,F,cairo
4,246,5,F,giza
4,249,5,F,cairo
4,250,5,F,cairo
4,251,5,F,cairo
4,253,5,F,giza
4,254,5,F,sharm el sheikh
4,256,5,F,sharm el sheikh
4,257,5,F,sharm el sheikh
4,258,5,F,sharm el sheikh
4,272,5,F,sharm el sheikh
4,274,5,F,sharm el sheikh
4,281,5,F,sharm el sheikh
4,285,5,F,sharm el sheikh
4,287,5,F,sharm el sheikh
4,290,5,F,luxor
4,292,5,F,luxor
4,293,5,F,luxor
4,294,5,F,luxor
4,295,5,F,luxor
4,296,5,F,luxor
4,297,5,F,luxor
4,299,5,F,luxor
4,300,5,F,luxor
4,301,5,F,luxor
4,302,5,F,luxor
4,304,5,F,luxor
4,305,5,F,luxor
4,307,5,F,luxor
4,308,5,F,luxor
4,309,5,F,luxor
4,310,5,F,luxor
4,311,5,F,luxor
4,312,5,F,luxor
4,314,5,F,luxor
4,315,5,F,luxor
4,316,5,F,luxor
4,320,5,F,luxor
4,326,5,F,fayoum
4,329,5,F,fayoum
4,330,5,F,fayoum
4,336,5,F,alexandria
4,343,5,F,alexandria
4,349,5,F,alexandria
4,350,5,F,alexandria
4,353,5,F,alexandria
4,354,5,F,alexandria
4,356,5,F,alexandria
4,366,5,F,alexandria
4,367,5,F,alexandria
4,369,5,F,alexandria
4,370,5,F,alexandria
4,371,5,F,alexandria
4,372,5,F,alexandria
4,375,5,F,alexandria
4,377,5,F,alexandria
4,379,5,F,alexandria
4,380,5,F,alexandria
4,381,5,F,alexandria
4,382,5,F,alexandria
4,383,5,F,alexandria
4,385,5,F,alexandria
4,386,5,F,alexandria
4,387,5,F,alexandria
4,388,5,F,alexandria
4,390,5,F,alexandria
4,391,5,F,alexandria
4,392,5,F,alexandria
4,394,5,F,alexandria
4,395,5,F,alexandria
4,397,5,F,alexandria
4,398,5,F,alexandria
4,407,5,F,hurghada
4,408,5,F,hurghada
4,414,5,F,hurghada
4,418,5,F,hurghada
4,428,5,F,hurghada
4,429,5,F,hurghada
5,4,5,F,cairo
5,5,5,F,cairo
5,12,5,F,cairo
5,20,5,F,cairo
5,22,5,F,cairo
5,24,5,F,cairo
5,26,5,F,cairo
5,27,5,F,cairo
5,31,5,F,cairo
5,34,5,F,giza
5,35,5,F,cairo
5,36,5,F,cairo
5,38,5,F,giza
5,40,5,F,giza
5,42,5,F,giza
5,44,5,F,cairo
5,45,5,F,cairo
5,59,5,F,cairo
5,74,5,F,cairo
5,84,5,F,cairo
5,86,5,F,cairo
5,87,5,F,cairo
5,88,5,F,cairo
5,89,5,F,cairo
5,90,5,F,cairo
5,91,5,F,cairo
5,92,5,F,cairo
5,93,5,F,cairo
5,94,5,F,cairo
5,95,5,F,cairo
5,96,5,F,cairo
5,97,5,F,cairo
5,99,5,F,cairo
5,100,5,F,cairo
5,102,5,F,cairo
5,103,5,F,cairo
5,105,5,F,cairo
5,106,5,F,cairo
5,107,5,F,cairo
5,110,5,F,cairo
5,112,5,F,cairo
5,113,5,F,cairo
5,115,5,F,cairo
5,116,5,F,cairo
5,117,5,F,cairo
5,119,5,F,cairo
5,121,5,F,cairo
5,122,5,F,cairo
5,123,5,F,cairo
5,124,5,F,cairo
5,125,5,F,cairo
5,126,5,F,cairo
5,127,5,F,cairo
5,129,5,F,giza
5,134,5,F,cairo
5,142,5,F,cairo
5,153,5,F,cairo
5,168,5,F,cairo
5,178,5,F,cairo
5,180,5,F,cairo
5,182,5,F,cairo
5,184,5,F,cairo
5,186,5,F,cairo
5,193,5,F,cairo
5,205,5,F,cairo
5,211,5,F,giza
5,215,5,F,cairo
5,221,5,F,giza
5,226,5,F,cairo
5,228,5,F,cairo
5,231,5,F,giza
5,232,5,F,giza
5,242,5,F,giza
5,246,5,F,giza
5,249,5,F,cairo
5,250,5,F,cairo
5,251,5,F,cairo
5,253,5,F,giza
5,254,5,F,sharm el sheikh
5,257,5,F,sharm el sheikh
5,258,5,F,sharm el sheikh
5,274,5,F,sharm el sheikh
5,281,5,F,sharm el sheikh
5,285,5,F,sharm el sheikh
5,287,5,F,sharm el sheikh
5,290,5,F,luxor
5,292,5,F,luxor
5,293,5,F,luxor
5,294,5,F,luxor
5,295,5,F,luxor
5,296,5,F,luxor
5,297,5,F,luxor
5,299,5,F,luxor
5,300,5,F,luxor
5,302,5,F,luxor
5,304,5,F,luxor
5,305,5,F,luxor
5,307,5,F,luxor
5,308,5,F,luxor
5,309,5,F,luxor
5,310,5,F,luxor
5,311,5,F,luxor
5,312,5,F,luxor
5,314,5,F,luxor
5,315,5,F,luxor
5,316,5,F,luxor
5,320,5,F,luxor
5,330,5,F,fayoum
5,333,5,F,alexandria
5,335,5,F,alexandria
5,343,5,F,alexandria
5,350,5,F,alexandria
5,354,5,F,alexandria
5,356,5,F,alexandria
5,363,5,F,alexandria
5,366,5,F,alexandria
5,368,5,F,alexandria
5,369,5,F,alexandria
5,370,5,F,alexandria
5,371,5,F,alexandria
5,372,5,F,alexandria
5,373,5,F,alexandria
5,375,5,F,alexandria
5,377,5,F,alexandria
5,379,5,F,alexandria
5,380,5,F,alexandria
5,381,5,F,alexandria
5,382,5,F,alexandria
5,383,5,F,alexandria
5,385,5,F,alexandria
5,386,5,F,alexandria
5,387,5,F,alexandria
5,388,5,F,alexandria
5,390,5,F,alexandria
5,391,5,F,alexandria
5,392,5,F,alexandria
5,394,5,F,alexandria
5,395,5,F,alexandria
5,397,5,F,alexandria
5,398,5,F,alexandria
5,407,5,F,hurghada
5,408,5,F,hurghada
5,414,5,F,hurghada
5,418,5,F,hurghada
5,428,5,F,hurghada
6,4,5,F,cairo
6,5,5,F,cairo
6,12,5,F,cairo
6,19,5,F,cairo
6,20,5,F,cairo
6,22,5,F,cairo
6,24,5,F,cairo
6,26,5,F,cairo
6,27,5,F,cairo
6,28,5,F,cairo
6,31,5,F,cairo
6,32,5,F,cairo
6,34,5,F,giza
6,35,5,F,cairo
6,36,5,F,cairo
6,38,5,F,giza
6,40,5,F,giza
6,42,5,F,giza
6,44,5,F,cairo
6,45,5,F,cairo
6,74,5,F,cairo
6,84,5,F,cairo
6,85,5,F,cairo
6,86,5,F,cairo
6,87,5,F,cairo
6,88,5,F,cairo
6,89,5,F,cairo
6,90,5,F,cairo
6,91,5,F,cairo
6,92,5,F,cairo
6,93,5,F,cairo
6,94,5,F,cairo
6,95,5,F,cairo
6,96,5,F,cairo
6,97,5,F,cairo
6,98,5,F,cairo
6,99,5,F,cairo
6,100,5,F,cairo
6,102,5,F,cairo
6,103,5,F,cairo
6,104,5,F,cairo
6,105,5,F,cairo
6,106,5,F,cairo
6,107,5,F,cairo
6,108,5,F,cairo
6,109,5,F,cairo
6,110,5,F,cairo
6,111,5,F,cairo
6,112,5,F,cairo
6,113,5,F,cairo
6,114,5,F,cairo
6,115,5,F,cairo
6,116,5,F,cairo
6,117,5,F,cairo
6,119,5,F,cairo
6,120,5,F,cairo
6,121,5,F,cairo
6,122,5,F,cairo
6,123,5,F,cairo
6,124,5,F,cairo
6,125,5,F,cairo
6,126,5,F,cairo
6,127,5,F,cairo
6,129,5,F,giza
6,130,5,F,cairo
6,134,5,F,cairo
6,142,5,F,cairo
6,153,5,F,cairo
6,168,5,F,cairo
6,180,5,F,cairo
6,182,5,F,cairo
6,184,5,F,cairo
6,186,5,F,cairo
6,193,5,F,cairo
6,195,5,F,cairo
6,206,5,F,cairo
6,207,5,F,cairo
6,209,5,F,cairo
6,211,5,F,giza
6,212,5,F,cairo
6,219,5,F,cairo
6,221,5,F,giza
6,223,5,F,cairo
6,226,5,F,cairo
6,228,5,F,cairo
6,231,5,F,giza
6,232,5,F,giza
6,234,5,F,cairo
6,246,5,F,giza
6,249,5,F,cairo
6,250,5,F,cairo
6,251,5,F,cairo
6,252,5,F,cairo
6,253,5,F,giza
6,254,5,F,sharm el sheikh
6,257,5,F,sharm el sheikh
6,258,5,F,sharm el sheikh
6,259,5,F,sharm el sheikh
6,274,5,F,sharm el sheikh
6,281,5,F,sharm el sheikh
6,285,5,F,sharm el sheikh
6,287,5,F,sharm el sheikh
6,290,5,F,luxor
6,292,5,F,luxor
6,293,5,F,luxor
6,294,5,F,luxor
6,295,5,F,luxor
6,296,5,F,luxor
6,297,5,F,luxor
6,299,5,F,luxor
6,300,5,F,luxor
6,302,5,F,luxor
6,304,5,F,luxor
6,305,5,F,luxor
6,307,5,F,luxor
6,308,5,F,luxor
6,309,5,F,luxor
6,310,5,F,luxor
6,311,5,F,luxor
6,312,5,F,luxor
6,314,5,F,luxor
6,315,5,F,luxor
6,316,5,F,luxor
6,320,5,F,luxor
6,330,5,F,fayoum
6,343,5,F,alexandria
6,345,5,F,alexandria
6,350,5,F,alexandria
6,352,5,F,alexandria
6,354,5,F,alexandria
6,356,5,F,alexandria
6,357,5,F,alexandria
6,360,5,F,alexandria
6,361,5,F,alexandria
6,366,5,F,alexandria
6,369,5,F,alexandria
6,370,5,F,alexandria
6,371,5,F,alexandria
6,372,5,F,alexandria
6,375,5,F,alexandria
6,377,5,F,alexandria
6,379,5,F,alexandria
6,380,5,F,alexandria
6,381,5,F,alexandria
6,382,5,F,alexandria
6,383,5,F,alexandria
6,384,5,F,alexandria
6,385,5,F,alexandria
6,386,5,F,alexandria
6,387,5,F,alexandria
6,388,5,F,alexandria
6,390,5,F,alexandria
6,391,5,F,alexandria
6,392,5,F,alexandria
6,394,5,F,alexandria
6,395,5,F,alexandria
6,397,5,F,alexandria
6,398,5,F,alexandria
6,407,5,F,hurghada
6,408,5,F,hurghada
6,414,5,F,hurghada
6,418,5,F,hurghada
6,428,5,F,hurghada
7,4,5,F,cairo
7,5,5,F,cairo
7,12,5,F,cairo
7,19,5,F,cairo
7,20,5,F,cairo
7,22,5,F,cairo
7,24,5,F,cairo
7,26,5,F,cairo
7,27,5,F,cairo
7,31,5,F,cairo
7,32,5,F,cairo
7,34,5,F,giza
7,35,5,F,cairo
7,36,5,F,cairo
7,38,5,F,giza
7,40,5,F,giza
7,42,5,F,giza
7,44,5,F,cairo
7,45,5,F,cairo
7,59,5,F,cairo
7,74,5,F,cairo
7,84,5,F,cairo
7,86,5,F,cairo
7,87,5,F,cairo
7,88,5,F,cairo
7,89,5,F,cairo
7,90,5,F,cairo
7,91,5,F,cairo
7,92,5,F,cairo
7,93,5,F,cairo
7,94,5,F,cairo
7,95,5,F,cairo
7,96,5,F,cairo
7,97,5,F,cairo
7,99,5,F,cairo
7,100,5,F,cairo
7,102,5,F,cairo
7,103,5,F,cairo
7,105,5,F,cairo
7,106,5,F,cairo
7,107,5,F,cairo
7,110,5,F,cairo
7,112,5,F,cairo
7,113,5,F,cairo
7,115,5,F,cairo
7,116,5,F,cairo
7,117,5,F,cairo
7,119,5,F,cairo
7,121,5,F,cairo
7,122,5,F,cairo
7,123,5,F,cairo
7,124,5,F,cairo
7,125,5,F,cairo
7,126,5,F,cairo
7,127,5,F,cairo
7,129,5,F,giza
7,134,5,F,cairo
7,142,5,F,cairo
7,153,5,F,cairo
7,168,5,F,cairo
7,178,5,F,cairo
7,180,5,F,cairo
7,182,5,F,cairo
7,184,5,F,cairo
7,186,5,F,cairo
7,193,5,F,cairo
7,195,5,F,cairo
7,205,5,F,cairo
7,207,5,F,cairo
7,211,5,F,giza
7,212,5,F,cairo
7,215,5,F,cairo
7,221,5,F,giza
7,226,5,F,cairo
7,228,5,F,cairo
7,231,5,F,giza
7,232,5,F,giza
7,234,5,F,cairo
7,246,5,F,giza
7,249,5,F,cairo
7,250,5,F,cairo
7,251,5,F,cairo
7,253,5,F,giza
7,254,5,F,sharm el sheikh
7,257,5,F,sharm el sheikh
7,258,5,F,sharm el sheikh
7,259,5,F,sharm el sheikh
7,274,5,F,sharm el sheikh
7,281,5,F,sharm el sheikh
7,285,5,F,sharm el sheikh
7,287,5,F,sharm el sheikh
7,290,5,F,luxor
7,292,5,F,luxor
7,293,5,F,luxor
7,294,5,F,luxor
7,295,5,F,luxor
7,296,5,F,luxor
7,297,5,F,luxor
7,299,5,F,luxor
7,300,5,F,luxor
7,302,5,F,luxor
7,304,5,F,luxor
7,305,5,F,luxor
7,307,5,F,luxor
7,308,5,F,luxor
7,309,5,F,luxor
7,310,5,F,luxor
7,311,5,F,luxor
7,312,5,F,luxor
7,314,5,F,luxor
7,315,5,F,luxor
7,316,5,F,luxor
7,320,5,F,luxor
7,330,5,F,fayoum
7,333,5,F,alexandria
7,343,5,F,alexandria
7,345,5,F,alexandria
7,350,5,F,alexandria
7,354,5,F,alexandria
7,356,5,F,alexandria
7,357,5,F,alexandria
7,360,5,F,alexandria
7,363,5,F,alexandria
7,366,5,F,alexandria
7,368,5,F,alexandria
7,369,5,F,alexandria
7,370,5,F,alexandria
7,371,5,F,alexandria
7,372,5,F,alexandria
7,375,5,F,alexandria
7,377,5,F,alexandria
7,379,5,F,alexandria
7,380,5,F,alexandria
7,381,5,F,alexandria
7,382,5,F,alexandria
7,383,5,F,alexandria
7,385,5,F,alexandria
7,386,5,F,alexandria
7,387,5,F,alexandria
7,388,5,F,alexandria
7,390,5,F,alexandria
7,391,5,F,alexandria
7,392,5,F,alexandria
7,394,5,F,alexandria
7,395,5,F,alexandria
7,397,5,F,alexandria
7,398,5,F,alexandria
7,407,5,F,hurghada
7,408,5,F,hurghada
7,414,5,F,hurghada
7,418,5,F,hurghada
7,428,5,F,hurghada
8,3,5,F,cairo
8,19,5,F,cairo
8,32,5,F,cairo
8,59,5,F,cairo
8,135,5,F,cairo
8,178,5,F,cairo
8,195,5,F,cairo
8,205,5,F,cairo
8,207,5,F,cairo
8,212,5,F,cairo
8,215,5,F,cairo
8,222,5,F,giza
8,234,5,F,cairo
8,242,5,F,giza
8,259,5,F,sharm el sheikh
8,267,5,F,sharm el sheikh
8,280,5,F,sharm el sheikh
8,286,5,F,sharm el sheikh
8,333,5,F,alexandria
8,335,5,F,alexandria
8,345,5,F,alexandria
8,357,5,F,alexandria
8,360,5,F,alexandria
8,363,5,F,alexandria
8,368,5,F,alexandria
8,373,5,F,alexandria
8,410,5,F,hurghada
8,432,5,F,hurghada
9,5,5,F,cairo
9,12,5,F,cairo
9,19,5,F,cairo
9,20,5,F,cairo
9,22,5,F,cairo
9,24,5,F,cairo
9,27,5,F,cairo
9,31,5,F,cairo
9,32,5,F,cairo
9,34,5,F,giza
9,38,5,F,giza
9,40,5,F,giza
9,42,5,F,giza
9,59,5,F,cairo
9,74,5,F,cairo
9,134,5,F,cairo
9,142,5,F,cairo
9,153,5,F,cairo
9,168,5,F,cairo
9,178,5,F,cairo
9,180,5,F,cairo
9,182,5,F,cairo
9,184,5,F,cairo
9,186,5,F,cairo
9,193,5,F,cairo
9,195,5,F,cairo
9,205,5,F,cairo
9,207,5,F,cairo
9,211,5,F,giza
9,212,5,F,cairo
9,215,5,F,cairo
9,221,5,F,giza
9,228,5,F,cairo
9,231,5,F,giza
9,234,5,F,cairo
9,242,5,F,giza
9,246,5,F,giza
9,247,5,F,giza
9,250,5,F,cairo
9,251,5,F,cairo
9,253,5,F,giza
9,259,5,F,sharm el sheikh
9,274,5,F,sharm el sheikh
9,290,5,F,luxor
9,292,5,F,luxor
9,293,5,F,luxor
9,294,5,F,luxor
9,295,5,F,luxor
9,296,5,F,luxor
9,297,5,F,luxor
9,299,5,F,luxor
9,302,5,F,luxor
9,304,5,F,luxor
9,305,5,F,luxor
9,307,5,F,luxor
9,308,5,F,luxor
9,309,5,F,luxor
9,310,5,F,luxor
9,311,5,F,luxor
9,312,5,F,luxor
9,314,5,F,luxor
9,315,5,F,luxor
9,316,5,F,luxor
9,320,5,F,luxor
9,330,5,F,fayoum
9,333,5,F,alexandria
9,335,5,F,alexandria
9,345,5,F,alexandria
9,357,5,F,alexandria
9,360,5,F,alexandria
9,363,5,F,alexandria
9,368,5,F,alexandria
9,373,5,F,alexandria
9,400,5,F,alexandria
10,5,5,F,cairo
10,12,5,F,cairo
10,20,5,F,cairo
10,22,5,F,cairo
10,24,5,F,cairo
10,27,5,F,cairo
10,29,5,F,cairo
10,31,5,F,cairo
10,34,5,F,giza
10,38,5,F,giza
10,40,5,F,giza
10,42,5,F,giza
10,74,5,F,cairo
10,79,5,F,giza
10,134,5,F,cairo
10,142,5,F,cairo
10,153,5,F,cairo
10,168,5,F,cairo
10,177,5,F,cairo
10,180,5,F,cairo
10,182,5,F,cairo
10,184,5,F,cairo
10,186,5,F,cairo
10,193,5,F,cairo
10,211,5,F,giza
10,214,5,F,cairo
10,218,5,F,cairo
10,221,5,F,giza
10,224,5,F,cairo
10,228,5,F,cairo
10,231,5,F,giza
10,236,5,F,cairo
10,239,5,F,cairo
10,240,5,F,giza
10,241,5,F,giza
10,246,5,F,giza
10,247,5,F,giza
10,250,5,F,cairo
10,251,5,F,cairo
10,253,5,F,giza
10,274,5,F,sharm el sheikh
10,281,5,F,sharm el sheikh
10,285,5,F,sharm el sheikh
10,290,5,F,luxor
10,292,5,F,luxor
10,293,5,F,luxor
10,294,5,F,luxor
10,295,5,F,luxor
10,296,5,F,luxor
10,297,5,F,luxor
10,299,5,F,luxor
10,302,5,F,luxor
10,304,5,F,luxor
10,305,5,F,luxor
10,307,5,F,luxor
10,308,5,F,luxor
10,309,5,F,luxor
10,310,5,F,luxor
10,311,5,F,luxor
10,312,5,F,luxor
10,314,5,F,luxor
10,315,5,F,luxor
10,316,5,F,luxor
10,320,5,F,luxor
10,326,5,F,fayoum
10,330,5,F,fayoum
10,343,5,F,alexandria
10,354,5,F,alexandria
10,356,5,F,alexandria
10,364,5,F,alexandria
10,366,5,F,alexandria
10,369,5,F,alexandria
10,370,5,F,alexandria
10,372,5,F,alexandria
10,375,5,F,alexandria
10,377,5,F,alexandria
10,379,5,F,alexandria
10,380,5,F,alexandria
10,382,5,F,alexandria
10,383,5,F,alexandria
10,385,5,F,alexandria
10,386,5,F,alexandria
10,387,5,F,alexandria
10,391,5,F,alexandria
10,394,5,F,alexandria
10,396,5,F,alexandria
10,397,5,F,alexandria
10,398,5,F,alexandria
10,400,5,F,alexandria
10,428,5,F,hurghada
10,429,5,F,hurghada
10,431,5,F,hurghada
11,3,5,F,cairo
11,5,5,F,cairo
11,12,5,F,cairo
11,19,5,F,cairo
11,20,5,F,cairo
11,22,5,F,cairo
11,24,5,F,cairo
11,27,5,F,cairo
11,29,5,F,cairo
11,31,5,F,cairo
11,32,5,F,cairo
11,34,5,F,giza
11,38,5,F,giza
11,40,5,F,giza
11,42,5,F,giza
11,74,5,F,cairo
11,79,5,F,giza
11,134,5,F,cairo
11,135,5,F,cairo
11,142,5,F,cairo
11,153,5,F,cairo
11,168,5,F,cairo
11,177,5,F,cairo
11,180,5,F,cairo
11,182,5,F,cairo
11,184,5,F,cairo
11,186,5,F,cairo
11,193,5,F,cairo
11,195,5,F,cairo
11,207,5,F,cairo
11,211,5,F,giza
11,212,5,F,cairo
11,218,5,F,cairo
11,221,5,F,giza
11,222,5,F,giza
11,224,5,F,cairo
11,228,5,F,cairo
11,231,5,F,giza
11,234,5,F,cairo
11,239,5,F,cairo
11,240,5,F,giza
11,246,5,F,giza
11,250,5,F,cairo
11,251,5,F,cairo
11,253,5,F,giza
11,259,5,F,sharm el sheikh
11,267,5,F,sharm el sheikh
11,274,5,F,sharm el sheikh
11,280,5,F,sharm el sheikh
11,286,5,F,sharm el sheikh
11,290,5,F,luxor
11,292,5,F,luxor
11,293,5,F,luxor
11,294,5,F,luxor
11,295,5,F,luxor
11,296,5,F,luxor
11,297,5,F,luxor
11,299,5,F,luxor
11,302,5,F,luxor
11,304,5,F,luxor
11,305,5,F,luxor
11,307,5,F,luxor
11,308,5,F,luxor
11,309,5,F,luxor
11,310,5,F,luxor
11,311,5,F,luxor
11,312,5,F,luxor
11,314,5,F,luxor
11,315,5,F,luxor
11,316,5,F,luxor
11,320,5,F,luxor
11,326,5,F,fayoum
11,330,5,F,fayoum
11,345,5,F,alexandria
11,357,5,F,alexandria
11,360,5,F,alexandria
11,410,5,F,hurghada
11,429,5,F,hurghada
11,432,5,F,hurghada
12,6,5,F,cairo
12,8,5,F,cairo
12,9,5,F,cairo
12,11,5,F,cairo
12,13,5,F,cairo
12,14,5,F,cairo
12,15,5,F,cairo
12,16,5,F,cairo
12,17,5,F,cairo
12,18,5,F,cairo
12,19,5,F,cairo
12,21,5,F,cairo
12,23,5,F,cairo
12,28,5,F,cairo
12,30,5,F,cairo
12,32,5,F,cairo
12,37,5,F,cairo
12,39,5,F,cairo
12,41,5,F,cairo
12,47,5,F,cairo
12,48,5,F,cairo
12,49,5,F,cairo
12,50,5,F,cairo
12,51,5,F,cairo
12,52,5,F,cairo
12,53,5,F,cairo
12,54,5,F,cairo
12,55,5,F,cairo
12,56,5,F,giza
12,57,5,F,luxor
12,58,5,F,cairo
12,60,5,F,cairo
12,61,5,F,cairo
12,62,5,F,giza
12,63,5,F,cairo
12,64,5,F,cairo
12,65,5,F,cairo
12,66,5,F,cairo
12,68,5,F,cairo
12,69,5,F,cairo
12,70,5,F,cairo
12,71,5,F,cairo
12,72,5,F,cairo
12,73,5,F,cairo
12,75,5,F,Alexandria
12,76,5,F,Alexandria
12,77,5,F,cairo
12,78,5,F,cairo
12,81,5,F,cairo
12,82,5,F,cairo
12,83,5,F,cairo
12,85,5,F,cairo
12,98,5,F,cairo
12,104,5,F,cairo
12,108,5,F,cairo
12,109,5,F,cairo
12,111,5,F,cairo
12,114,5,F,cairo
12,120,5,F,cairo
12,130,5,F,cairo
12,132,5,F,cairo
12,133,5,F,cairo
12,138,5,F,cairo
12,139,5,F,cairo
12,140,5,F,cairo
12,141,5,F,cairo
12,143,5,F,cairo
12,144,5,F,cairo
12,145,5,F,cairo
12,146,5,F,cairo
12,147,5,F,cairo
12,148,5,F,cairo
12,149,5,F,cairo
12,150,5,F,cairo
12,151,5,F,cairo
12,152,5,F,cairo
12,154,5,F,cairo
12,155,5,F,cairo
12,156,5,F,cairo
12,157,5,F,cairo
12,158,5,F,cairo
12,159,5,F,cairo
12,160,5,F,cairo
12,161,5,F,cairo
12,162,5,F,cairo
12,163,5,F,cairo
12,164,5,F,cairo
12,165,5,F,cairo
12,166,5,F,cairo
12,167,5,F,cairo
12,170,5,F,cairo
12,171,5,F,cairo
12,172,5,F,cairo
12,173,5,F,cairo
12,174,5,F,cairo
12,175,5,F,cairo
12,176,5,F,cairo
12,179,5,F,cairo
12,181,5,F,cairo
12,183,5,F,cairo
12,185,5,F,cairo
12,187,5,F,cairo
12,191,5,F,cairo
12,192,5,F,cairo
12,194,5,F,cairo
12,195,5,F,cairo
12,197,5,F,cairo
12,198,5,F,cairo
12,199,5,F,alexandria
12,200,5,F,cairo
12,201,5,F,cairo
12,202,5,F,cairo
12,203,5,F,alexandria
12,204,5,F,cairo
12,206,5,F,cairo
12,207,5,F,cairo
12,208,5,F,cairo
12,209,5,F,cairo
12,212,5,F,cairo
12,213,5,F,cairo
12,217,5,F,giza
12,219,5,F,cairo
12,223,5,F,cairo
12,225,5,F,cairo
12,227,5,F,cairo
12,229,5,F,cairo
12,230,5,F,cairo
12,233,5,F,cairo
12,234,5,F,cairo
12,235,5,F,cairo
12,237,5,F,cairo
12,245,5,F,cairo
12,247,5,F,giza
12,248,5,F,cairo
12,252,5,F,cairo
12,256,5,F,sharm el sheikh
12,259,5,F,sharm el sheikh
12,271,5,F,sharm el sheikh
12,272,5,F,sharm el sheikh
12,288,5,F,luxor
12,291,5,F,luxor
12,301,5,F,luxor
12,328,5,F,fayoum
12,329,5,F,fayoum
12,336,5,F,alexandria
12,338,5,F,alexandria
12,339,5,F,alexandria
12,342,5,F,alexandria
12,344,5,F,alexandria
12,345,5,F,alexandria
12,346,5,F,alexandria
12,349,5,F,alexandria
12,352,5,F,alexandria
12,353,5,F,alexandria
12,357,5,F,alexandria
12,359,5,F,alexandria
12,360,5,F,alexandria
12,361,5,F,alexandria
12,367,5,F,alexandria
12,376,5,F,alexandria
12,384,5,F,alexandria
12,389,5,F,alexandria
12,400,5,F,alexandria
12,409,5,F,hurghada
13,4,5,F,cairo
13,6,5,F,cairo
13,8,5,F,cairo
13,9,5,F,cairo
13,11,5,F,cairo
13,13,5,F,cairo
13,14,5,F,cairo
13,15,5,F,cairo
13,16,5,F,cairo
13,17,5,F,cairo
13,18,5,F,cairo
13,21,5,F,cairo
13,23,5,F,cairo
13,26,5,F,cairo
13,28,5,F,cairo
13,30,5,F,cairo
13,35,5,F,cairo
13,36,5,F,cairo
13,37,5,F,cairo
13,39,5,F,cairo
13,41,5,F,cairo
13,44,5,F,cairo
13,45,5,F,cairo
13,47,5,F,cairo
13,48,5,F,cairo
13,49,5,F,cairo
13,50,5,F,cairo
13,51,5,F,cairo
13,52,5,F,cairo
13,53,5,F,cairo
13,54,5,F,cairo
13,55,5,F,cairo
13,56,5,F,giza
13,57,5,F,luxor
13,58,5,F,cairo
13,60,5,F,cairo
13,61,5,F,cairo
13,62,5,F,giza
13,63,5,F,cairo
13,64,5,F,cairo
13,65,5,F,cairo
13,66,5,F,cairo
13,68,5,F,cairo
13,69,5,F,cairo
13,70,5,F,cairo
13,71,5,F,cairo
13,72,5,F,cairo
13,73,5,F,cairo
13,75,5,F,Alexandria
13,76,5,F,Alexandria
13,77,5,F,cairo
13,78,5,F,cairo
13,81,5,F,cairo
13,82,5,F,cairo
13,83,5,F,cairo
13,84,5,F,cairo
13,85,5,F,cairo
13,86,5,F,cairo
13,87,5,F,cairo
13,88,5,F,cairo
13,89,5,F,cairo
13,90,5,F,cairo
13,91,5,F,cairo
13,92,5,F,cairo
13,93,5,F,cairo
13,94,5,F,cairo
13,95,5,F,cairo
13,96,5,F,cairo
13,97,5,F,cairo
13,98,5,F,cairo
13,99,5,F,cairo
13,100,5,F,cairo
13,102,5,F,cairo
13,103,5,F,cairo
13,104,5,F,cairo
13,105,5,F,cairo
13,106,5,F,cairo
13,107,5,F,cairo
13,108,5,F,cairo
13,109,5,F,cairo
13,110,5,F,cairo
13,111,5,F,cairo
13,112,5,F,cairo
13,113,5,F,cairo
13,114,5,F,cairo
13,115,5,F,cairo
13,116,5,F,cairo
13,117,5,F,cairo
13,119,5,F,cairo
13,120,5,F,cairo
13,121,5,F,cairo
13,122,5,F,cairo
13,123,5,F,cairo
13,124,5,F,cairo
13,125,5,F,cairo
13,126,5,F,cairo
13,127,5,F,cairo
13,129,5,F,giza
13,130,5,F,cairo
13,132,5,F,cairo
13,133,5,F,cairo
13,138,5,F,cairo
13,139,5,F,cairo
13,140,5,F,cairo
13,141,5,F,cairo
13,143,5,F,cairo
13,144,5,F,cairo
13,145,5,F,cairo
13,146,5,F,cairo
13,147,5,F,cairo
13,148,5,F,cairo
13,149,5,F,cairo
13,150,5,F,cairo
13,151,5,F,cairo
13,152,5,F,cairo
13,154,5,F,cairo
13,155,5,F,cairo
13,156,5,F,cairo
13,157,5,F,cairo
13,158,5,F,cairo
13,159,5,F,cairo
13,160,5,F,cairo
13,161,5,F,cairo
13,162,5,F,cairo
13,163,5,F,cairo
13,164,5,F,cairo
13,165,5,F,cairo
13,166,5,F,cairo
13,167,5,F,cairo
13,170,5,F,cairo
13,171,5,F,cairo
13,172,5,F,cairo
13,173,5,F,cairo
13,174,5,F,cairo
13,175,5,F,cairo
13,176,5,F,cairo
13,179,5,F,cairo
13,181,5,F,cairo
13,183,5,F,cairo
13,185,5,F,cairo
13,187,5,F,cairo
13,191,5,F,cairo
13,192,5,F,cairo
13,194,5,F,cairo
13,197,5,F,cairo
13,198,5,F,cairo
13,199,5,F,alexandria
13,200,5,F,cairo
13,201,5,F,cairo
13,202,5,F,cairo
13,203,5,F,alexandria
13,204,5,F,cairo
13,206,5,F,cairo
13,208,5,F,cairo
13,209,5,F,cairo
13,213,5,F,cairo
13,217,5,F,giza
13,219,5,F,cairo
13,223,5,F,cairo
13,225,5,F,cairo
13,226,5,F,cairo
13,227,5,F,cairo
13,229,5,F,cairo
13,230,5,F,cairo
13,232,5,F,giza
13,233,5,F,cairo
13,235,5,F,cairo
13,237,5,F,cairo
13,245,5,F,cairo
13,247,5,F,giza
13,248,5,F,cairo
13,249,5,F,cairo
13,252,5,F,cairo
13,254,5,F,sharm el sheikh
13,256,5,F,sharm el sheikh
13,257,5,F,sharm el sheikh
13,258,5,F,sharm el sheikh
13,271,5,F,sharm el sheikh
13,272,5,F,sharm el sheikh
13,287,5,F,sharm el sheikh
13,288,5,F,luxor
13,291,5,F,luxor
13,300,5,F,luxor
13,301,5,F,luxor
13,328,5,F,fayoum
13,329,5,F,fayoum
13,336,5,F,alexandria
13,338,5,F,alexandria
13,339,5,F,alexandria
13,342,5,F,alexandria
13,344,5,F,alexandria
13,346,5,F,alexandria
13,349,5,F,alexandria
13,350,5,F,alexandria
13,352,5,F,alexandria
13,353,5,F,alexandria
13,359,5,F,alexandria
13,361,5,F,alexandria
13,367,5,F,alexandria
13,371,5,F,alexandria
13,376,5,F,alexandria
13,381,5,F,alexandria
13,384,5,F,alexandria
13,388,5,F,alexandria
13,389,5,F,alexandria
13,390,5,F,alexandria
13,392,5,F,alexandria
13,395,5,F,alexandria
13,400,5,F,alexandria
13,407,5,F,hurghada
13,408,5,F,hurghada
13,409,5,F,hurghada
13,414,5,F,hurghada
13,418,5,F,hurghada
14,19,5,F,cairo
14,28,5,F,cairo
14,32,5,F,cairo
14,59,5,F,cairo
14,85,5,F,cairo
14,98,5,F,cairo
14,104,5,F,cairo
14,108,5,F,cairo
14,109,5,F,cairo
14,111,5,F,cairo
14,114,5,F,cairo
14,120,5,F,cairo
14,130,5,F,cairo
14,135,5,F,cairo
14,178,5,F,cairo
14,195,5,F,cairo
14,205,5,F,cairo
14,206,5,F,cairo
14,207,5,F,cairo
14,209,5,F,cairo
14,212,5,F,cairo
14,215,5,F,cairo
14,219,5,F,cairo
14,223,5,F,cairo
14,234,5,F,cairo
14,247,5,F,giza
14,252,5,F,cairo
14,259,5,F,sharm el sheikh
14,267,5,F,sharm el sheikh
14,280,5,F,sharm el sheikh
14,286,5,F,sharm el sheikh
14,333,5,F,alexandria
14,345,5,F,alexandria
14,352,5,F,alexandria
14,357,5,F,alexandria
14,360,5,F,alexandria
14,361,5,F,alexandria
14,363,5,F,alexandria
14,368,5,F,alexandria
14,384,5,F,alexandria
14,400,5,F,alexandria
14,410,5,F,hurghada
14,432,5,F,hurghada
15,29,5,F,cairo
15,79,5,F,giza
15,135,5,F,cairo
15,177,5,F,cairo
15,218,5,F,cairo
15,224,5,F,cairo
15,239,5,F,cairo
15,240,5,F,giza
15,242,5,F,giza
15,247,5,F,giza
15,267,5,F,sharm el sheikh
15,280,5,F,sharm el sheikh
15,281,5,F,sharm el sheikh
15,285,5,F,sharm el sheikh
15,286,5,F,sharm el sheikh
15,326,5,F,fayoum
15,335,5,F,alexandria
15,343,5,F,alexandria
15,354,5,F,alexandria
15,356,5,F,alexandria
15,366,5,F,alexandria
15,369,5,F,alexandria
15,370,5,F,alexandria
15,372,5,F,alexandria
15,373,5,F,alexandria
15,375,5,F,alexandria
15,377,5,F,alexandria
15,379,5,F,alexandria
15,380,5,F,alexandria
15,382,5,F,alexandria
15,383,5,F,alexandria
15,385,5,F,alexandria
15,386,5,F,alexandria
15,387,5,F,alexandria
15,391,5,F,alexandria
15,394,5,F,alexandria
15,397,5,F,alexandria
15,398,5,F,alexandria
15,400,5,F,alexandria
15,410,5,F,hurghada
15,428,5,F,hurghada
15,429,5,F,hurghada
15,432,5,F,hurghada
16,4,5,F,cairo
16,11,5,F,cairo
16,14,5,F,cairo
16,16,5,F,cairo
16,17,5,F,cairo
16,18,5,F,cairo
16,19,5,F,cairo
16,21,5,F,cairo
16,26,5,F,cairo
16,32,5,F,cairo
16,35,5,F,cairo
16,36,5,F,cairo
16,41,5,F,cairo
16,44,5,F,cairo
16,45,5,F,cairo
16,47,5,F,cairo
16,48,5,F,cairo
16,49,5,F,cairo
16,50,5,F,cairo
16,51,5,F,cairo
16,52,5,F,cairo
16,53,5,F,cairo
16,54,5,F,cairo
16,55,5,F,cairo
16,56,5,F,giza
16,57,5,F,luxor
16,58,5,F,cairo
16,60,5,F,cairo
16,61,5,F,cairo
16,62,5,F,giza
16,63,5,F,cairo
16,64,5,F,cairo
16,65,5,F,cairo
16,66,5,F,cairo
16,68,5,F,cairo
16,69,5,F,cairo
16,70,5,F,cairo
16,71,5,F,cairo
16,72,5,F,cairo
16,73,5,F,cairo
16,75,5,F,Alexandria
16,76,5,F,Alexandria
16,77,5,F,cairo
16,78,5,F,cairo
16,81,5,F,cairo
16,82,5,F,cairo
16,83,5,F,cairo
16,84,5,F,cairo
16,86,5,F,cairo
16,87,5,F,cairo
16,88,5,F,cairo
16,89,5,F,cairo
16,90,5,F,cairo
16,91,5,F,cairo
16,92,5,F,cairo
16,93,5,F,cairo
16,94,5,F,cairo
16,95,5,F,cairo
16,96,5,F,cairo
16,97,5,F,cairo
16,99,5,F,cairo
16,100,5,F,cairo
16,102,5,F,cairo
16,103,5,F,cairo
16,105,5,F,cairo
16,106,5,F,cairo
16,107,5,F,cairo
16,110,5,F,cairo
16,112,5,F,cairo
16,113,5,F,cairo
16,115,5,F,cairo
16,116,5,F,cairo
16,117,5,F,cairo
16,119,5,F,cairo
16,121,5,F,cairo
16,122,5,F,cairo
16,123,5,F,cairo
16,124,5,F,cairo
16,125,5,F,cairo
16,126,5,F,cairo
16,127,5,F,cairo
16,129,5,F,giza
16,195,5,F,cairo
16,204,5,F,cairo
16,207,5,F,cairo
16,208,5,F,cairo
16,212,5,F,cairo
16,213,5,F,cairo
16,214,5,F,cairo
16,217,5,F,giza
16,226,5,F,cairo
16,227,5,F,cairo
16,229,5,F,cairo
16,230,5,F,cairo
16,232,5,F,giza
16,233,5,F,cairo
16,234,5,F,cairo
16,235,5,F,cairo
16,236,5,F,cairo
16,237,5,F,cairo
16,241,5,F,giza
16,247,5,F,giza
16,248,5,F,cairo
16,249,5,F,cairo
16,254,5,F,sharm el sheikh
16,257,5,F,sharm el sheikh
16,258,5,F,sharm el sheikh
16,259,5,F,sharm el sheikh
16,271,5,F,sharm el sheikh
16,287,5,F,sharm el sheikh
16,288,5,F,luxor
16,291,5,F,luxor
16,300,5,F,luxor
16,328,5,F,fayoum
16,338,5,F,alexandria
16,339,5,F,alexandria
16,342,5,F,alexandria
16,344,5,F,alexandria
16,345,5,F,alexandria
16,346,5,F,alexandria
16,350,5,F,alexandria
16,357,5,F,alexandria
16,359,5,F,alexandria
16,360,5,F,alexandria
16,364,5,F,alexandria
16,371,5,F,alexandria
16,376,5,F,alexandria
16,381,5,F,alexandria
16,388,5,F,alexandria
16,389,5,F,alexandria
16,390,5,F,alexandria
16,392,5,F,alexandria
16,395,5,F,alexandria
16,396,5,F,alexandria
16,400,5,F,alexandria
16,407,5,F,hurghada
16,408,5,F,hurghada
16,409,5,F,hurghada
16,414,5,F,hurghada
16,418,5,F,hurghada
16,431,5,F,hurghada
17,4,5,F,cairo
17,11,5,F,cairo
17,14,5,F,cairo
17,16,5,F,cairo
17,17,5,F,cairo
17,18,5,F,cairo
17,19,5,F,cairo
17,21,5,F,cairo
17,26,5,F,cairo
17,28,5,F,cairo
17,32,5,F,cairo
17,35,5,F,cairo
17,36,5,F,cairo
17,41,5,F,cairo
17,44,5,F,cairo
17,45,5,F,cairo
17,47,5,F,cairo
17,48,5,F,cairo
17,49,5,F,cairo
17,50,5,F,cairo
17,51,5,F,cairo
17,52,5,F,cairo
17,53,5,F,cairo
17,54,5,F,cairo
17,55,5,F,cairo
17,56,5,F,giza
17,57,5,F,luxor
17,58,5,F,cairo
17,59,5,F,cairo
17,60,5,F,cairo
17,61,5,F,cairo
17,62,5,F,giza
17,63,5,F,cairo
17,64,5,F,cairo
17,65,5,F,cairo
17,66,5,F,cairo
17,68,5,F,cairo
17,69,5,F,cairo
17,70,5,F,cairo
17,71,5,F,cairo
17,72,5,F,cairo
17,73,5,F,cairo
17,75,5,F,Alexandria
17,76,5,F,Alexandria
17,77,5,F,cairo
17,78,5,F,cairo
17,81,5,F,cairo
17,82,5,F,cairo
17,83,5,F,cairo
17,84,5,F,cairo
17,85,5,F,cairo
17,86,5,F,cairo
17,87,5,F,cairo
17,88,5,F,cairo
17,89,5,F,cairo
17,90,5,F,cairo
17,91,5,F,cairo
17,92,5,F,cairo
17,93,5,F,cairo
17,94,5,F,cairo
17,95,5,F,cairo
17,96,5,F,cairo
17,97,5,F,cairo
17,98,5,F,cairo
17,99,5,F,cairo
17,100,5,F,cairo
17,102,5,F,cairo
17,103,5,F,cairo
17,104,5,F,cairo
17,105,5,F,cairo
17,106,5,F,cairo
17,107,5,F,cairo
17,108,5,F,cairo
17,109,5,F,cairo
17,110,5,F,cairo
17,111,5,F,cairo
17,112,5,F,cairo
17,113,5,F,cairo
17,114,5,F,cairo
17,115,5,F,cairo
17,116,5,F,cairo
17,117,5,F,cairo
17,119,5,F,cairo
17,120,5,F,cairo
17,121,5,F,cairo
17,122,5,F,cairo
17,123,5,F,cairo
17,124,5,F,cairo
17,125,5,F,cairo
17,126,5,F,cairo
17,127,5,F,cairo
17,129,5,F,giza
17,130,5,F,cairo
17,178,5,F,cairo
17,195,5,F,cairo
17,204,5,F,cairo
17,205,5,F,cairo
17,206,5,F,cairo
17,207,5,F,cairo
17,208,5,F,cairo
17,209,5,F,cairo
17,212,5,F,cairo
17,213,5,F,cairo
17,215,5,F,cairo
17,217,5,F,giza
17,219,5,F,cairo
17,223,5,F,cairo
17,226,5,F,cairo
17,227,5,F,cairo
17,229,5,F,cairo
17,230,5,F,cairo
17,232,5,F,giza
17,233,5,F,cairo
17,234,5,F,cairo
17,235,5,F,cairo
17,237,5,F,cairo
17,248,5,F,cairo
17,249,5,F,cairo
17,252,5,F,cairo
17,254,5,F,sharm el sheikh
17,257,5,F,sharm el sheikh
17,258,5,F,sharm el sheikh
17,259,5,F,sharm el sheikh
17,271,5,F,sharm el sheikh
17,287,5,F,sharm el sheikh
17,288,5,F,luxor
17,291,5,F,luxor
17,300,5,F,luxor
17,328,5,F,fayoum
17,333,5,F,alexandria
17,338,5,F,alexandria
17,339,5,F,alexandria
17,342,5,F,alexandria
17,344,5,F,alexandria
17,345,5,F,alexandria
17,346,5,F,alexandria
17,350,5,F,alexandria
17,352,5,F,alexandria
17,357,5,F,alexandria
17,359,5,F,alexandria
17,360,5,F,alexandria
17,361,5,F,alexandria
17,363,5,F,alexandria
17,368,5,F,alexandria
17,371,5,F,alexandria
17,376,5,F,alexandria
17,381,5,F,alexandria
17,384,5,F,alexandria
17,388,5,F,alexandria
17,389,5,F,alexandria
17,390,5,F,alexandria
17,392,5,F,alexandria
17,395,5,F,alexandria
17,407,5,F,hurghada
17,408,5,F,hurghada
17,409,5,F,hurghada
17,414,5,F,hurghada
17,418,5,F,hurghada
18,3,5,F,cairo
18,6,5,F,cairo
18,8,5,F,cairo
18,9,5,F,cairo
18,13,5,F,cairo
18,15,5,F,cairo
18,23,5,F,cairo
18,29,5,F,cairo
18,30,5,F,cairo
18,37,5,F,cairo
18,39,5,F,cairo
18,79,5,F,giza
18,132,5,F,cairo
18,133,5,F,cairo
18,135,5,F,cairo
18,138,5,F,cairo
18,139,5,F,cairo
18,140,5,F,cairo
18,141,5,F,cairo
18,143,5,F,cairo
18,144,5,F,cairo
18,145,5,F,cairo
18,146,5,F,cairo
18,147,5,F,cairo
18,148,5,F,cairo
18,149,5,F,cairo
18,150,5,F,cairo
18,151,5,F,cairo
18,152,5,F,cairo
18,154,5,F,cairo
18,155,5,F,cairo
18,156,5,F,cairo
18,157,5,F,cairo
18,158,5,F,cairo
18,159,5,F,cairo
18,160,5,F,cairo
18,161,5,F,cairo
18,162,5,F,cairo
18,163,5,F,cairo
18,164,5,F,cairo
18,165,5,F,cairo
18,166,5,F,cairo
18,167,5,F,cairo
18,170,5,F,cairo
18,171,5,F,cairo
18,172,5,F,cairo
18,173,5,F,cairo
18,174,5,F,cairo
18,175,5,F,cairo
18,176,5,F,cairo
18,177,5,F,cairo
18,179,5,F,cairo
18,181,5,F,cairo
18,183,5,F,cairo
18,185,5,F,cairo
18,187,5,F,cairo
18,191,5,F,cairo
18,192,5,F,cairo
18,194,5,F,cairo
18,197,5,F,cairo
18,198,5,F,cairo
18,199,5,F,alexandria
18,200,5,F,cairo
18,201,5,F,cairo
18,202,5,F,cairo
18,203,5,F,alexandria
18,218,5,F,cairo
18,222,5,F,giza
18,224,5,F,cairo
18,225,5,F,cairo
18,239,5,F,cairo
18,240,5,F,giza
18,245,5,F,cairo
18,247,5,F,giza
18,256,5,F,sharm el sheikh
18,267,5,F,sharm el sheikh
18,272,5,F,sharm el sheikh
18,280,5,F,sharm el sheikh
18,286,5,F,sharm el sheikh
18,301,5,F,luxor
18,326,5,F,fayoum
18,329,5,F,fayoum
18,336,5,F,alexandria
18,349,5,F,alexandria
18,353,5,F,alexandria
18,367,5,F,alexandria
18,400,5,F,alexandria
18,410,5,F,hurghada
18,429,5,F,hurghada
18,432,5,F,hurghada
19,3,5,F,cairo
19,19,5,F,cairo
19,28,5,F,cairo
19,29,5,F,cairo
19,32,5,F,cairo
19,59,5,F,cairo
19,79,5,F,giza
19,85,5,F,cairo
19,98,5,F,cairo
19,104,5,F,cairo
19,108,5,F,cairo
19,109,5,F,cairo
19,111,5,F,cairo
19,114,5,F,cairo
19,120,5,F,cairo
19,130,5,F,cairo
19,177,5,F,cairo
19,178,5,F,cairo
19,195,5,F,cairo
19,205,5,F,cairo
19,206,5,F,cairo
19,207,5,F,cairo
19,209,5,F,cairo
19,212,5,F,cairo
19,215,5,F,cairo
19,218,5,F,cairo
19,219,5,F,cairo
19,222,5,F,giza
19,223,5,F,cairo
19,224,5,F,cairo
19,234,5,F,cairo
19,239,5,F,cairo
19,240,5,F,giza
19,252,5,F,cairo
19,259,5,F,sharm el sheikh
19,326,5,F,fayoum
19,333,5,F,alexandria
19,345,5,F,alexandria
19,352,5,F,alexandria
19,357,5,F,alexandria
19,360,5,F,alexandria
19,361,5,F,alexandria
19,363,5,F,alexandria
19,368,5,F,alexandria
19,384,5,F,alexandria
19,429,5,F,hurghada
20,4,5,F,cairo
20,5,5,F,cairo
20,12,5,F,cairo
20,20,5,F,cairo
20,22,5,F,cairo
20,24,5,F,cairo
20,26,5,F,cairo
20,27,5,F,cairo
20,31,5,F,cairo
20,34,5,F,giza
20,35,5,F,cairo
20,36,5,F,cairo
20,38,5,F,giza
20,40,5,F,giza
20,42,5,F,giza
20,44,5,F,cairo
20,45,5,F,cairo
20,59,5,F,cairo
20,74,5,F,cairo
20,84,5,F,cairo
20,86,5,F,cairo
20,87,5,F,cairo
20,88,5,F,cairo
20,89,5,F,cairo
20,90,5,F,cairo
20,91,5,F,cairo
20,92,5,F,cairo
20,93,5,F,cairo
20,94,5,F,cairo
20,95,5,F,cairo
20,96,5,F,cairo
20,97,5,F,cairo
20,99,5,F,cairo
20,100,5,F,cairo
20,102,5,F,cairo
20,103,5,F,cairo
20,105,5,F,cairo
20,106,5,F,cairo
20,107,5,F,cairo
20,110,5,F,cairo
20,112,5,F,cairo
20,113,5,F,cairo
20,115,5,F,cairo
20,116,5,F,cairo
20,117,5,F,cairo
20,119,5,F,cairo
20,121,5,F,cairo
20,122,5,F,cairo
20,123,5,F,cairo
20,124,5,F,cairo
20,125,5,F,cairo
20,126,5,F,cairo
20,127,5,F,cairo
20,129,5,F,giza
20,134,5,F,cairo
20,135,5,F,cairo
20,142,5,F,cairo
20,153,5,F,cairo
20,168,5,F,cairo
20,178,5,F,cairo
20,180,5,F,cairo
20,182,5,F,cairo
20,184,5,F,cairo
20,186,5,F,cairo
20,193,5,F,cairo
20,205,5,F,cairo
20,211,5,F,giza
20,215,5,F,cairo
20,221,5,F,giza
20,226,5,F,cairo
20,228,5,F,cairo
20,231,5,F,giza
20,232,5,F,giza
20,246,5,F,giza
20,247,5,F,giza
20,249,5,F,cairo
20,250,5,F,cairo
20,251,5,F,cairo
20,253,5,F,giza
20,254,5,F,sharm el sheikh
20,257,5,F,sharm el sheikh
20,258,5,F,sharm el sheikh
20,267,5,F,sharm el sheikh
20,274,5,F,sharm el sheikh
20,280,5,F,sharm el sheikh
20,286,5,F,sharm el sheikh
20,287,5,F,sharm el sheikh
20,290,5,F,luxor
20,292,5,F,luxor
20,293,5,F,luxor
20,294,5,F,luxor
20,295,5,F,luxor
20,296,5,F,luxor
20,297,5,F,luxor
20,299,5,F,luxor
20,300,5,F,luxor
20,302,5,F,luxor
20,304,5,F,luxor
20,305,5,F,luxor
20,307,5,F,luxor
20,308,5,F,luxor
20,309,5,F,luxor
20,310,5,F,luxor
20,311,5,F,luxor
20,312,5,F,luxor
20,314,5,F,luxor
20,315,5,F,luxor
20,316,5,F,luxor
20,320,5,F,luxor
20,330,5,F,fayoum
20,333,5,F,alexandria
20,350,5,F,alexandria
20,363,5,F,alexandria
20,368,5,F,alexandria
20,371,5,F,alexandria
20,381,5,F,alexandria
20,388,5,F,alexandria
20,390,5,F,alexandria
20,392,5,F,alexandria
20,395,5,F,alexandria
20,400,5,F,alexandria
20,407,5,F,hurghada
20,408,5,F,hurghada
20,410,5,F,hurghada
20,414,5,F,hurghada
20,418,5,F,hurghada
20,432,5,F,hurghada
21,11,5,F,cairo
21,14,5,F,cairo
21,16,5,F,cairo
21,17,5,F,cairo
21,18,5,F,cairo
21,21,5,F,cairo
21,28,5,F,cairo
21,29,5,F,cairo
21,41,5,F,cairo
21,47,5,F,cairo
21,48,5,F,cairo
21,49,5,F,cairo
21,50,5,F,cairo
21,51,5,F,cairo
21,52,5,F,cairo
21,53,5,F,cairo
21,54,5,F,cairo
21,55,5,F,cairo
21,56,5,F,giza
21,57,5,F,luxor
21,58,5,F,cairo
21,60,5,F,cairo
21,61,5,F,cairo
21,62,5,F,giza
21,63,5,F,cairo
21,64,5,F,cairo
21,65,5,F,cairo
21,66,5,F,cairo
21,68,5,F,cairo
21,69,5,F,cairo
21,70,5,F,cairo
21,71,5,F,cairo
21,72,5,F,cairo
21,73,5,F,cairo
21,75,5,F,Alexandria
21,76,5,F,Alexandria
21,77,5,F,cairo
21,78,5,F,cairo
21,79,5,F,giza
21,81,5,F,cairo
21,82,5,F,cairo
21,83,5,F,cairo
21,85,5,F,cairo
21,98,5,F,cairo
21,104,5,F,cairo
21,108,5,F,cairo
21,109,5,F,cairo
21,111,5,F,cairo
21,114,5,F,cairo
21,120,5,F,cairo
21,130,5,F,cairo
21,135,5,F,cairo
21,177,5,F,cairo
21,204,5,F,cairo
21,206,5,F,cairo
21,208,5,F,cairo
21,209,5,F,cairo
21,213,5,F,cairo
21,214,5,F,cairo
21,217,5,F,giza
21,218,5,F,cairo
21,219,5,F,cairo
21,223,5,F,cairo
21,224,5,F,cairo
21,227,5,F,cairo
21,229,5,F,cairo
21,230,5,F,cairo
21,233,5,F,cairo
21,235,5,F,cairo
21,236,5,F,cairo
21,237,5,F,cairo
21,239,5,F,cairo
21,240,5,F,giza
21,241,5,F,giza
21,248,5,F,cairo
21,252,5,F,cairo
21,267,5,F,sharm el sheikh
21,271,5,F,sharm el sheikh
21,280,5,F,sharm el sheikh
21,286,5,F,sharm el sheikh
21,288,5,F,luxor
21,291,5,F,luxor
21,326,5,F,fayoum
21,328,5,F,fayoum
21,338,5,F,alexandria
21,339,5,F,alexandria
21,342,5,F,alexandria
21,344,5,F,alexandria
21,346,5,F,alexandria
21,352,5,F,alexandria
21,359,5,F,alexandria
21,361,5,F,alexandria
21,364,5,F,alexandria
21,376,5,F,alexandria
21,384,5,F,alexandria
21,389,5,F,alexandria
21,396,5,F,alexandria
21,409,5,F,hurghada
21,410,5,F,hurghada
21,429,5,F,hurghada
21,431,5,F,hurghada
21,432,5,F,hurghada
22,3,5,F,cairo
22,6,5,F,cairo
22,8,5,F,cairo
22,9,5,F,cairo
22,13,5,F,cairo
22,15,5,F,cairo
22,19,5,F,cairo
22,23,5,F,cairo
22,30,5,F,cairo
22,32,5,F,cairo
22,37,5,F,cairo
22,39,5,F,cairo
22,59,5,F,cairo
22,132,5,F,cairo
22,133,5,F,cairo
22,138,5,F,cairo
22,139,5,F,cairo
22,140,5,F,cairo
22,141,5,F,cairo
22,143,5,F,cairo
22,144,5,F,cairo
22,145,5,F,cairo
22,146,5,F,cairo
22,147,5,F,cairo
22,148,5,F,cairo
22,149,5,F,cairo
22,150,5,F,cairo
22,151,5,F,cairo
22,152,5,F,cairo
22,154,5,F,cairo
22,155,5,F,cairo
22,156,5,F,cairo
22,157,5,F,cairo
22,158,5,F,cairo
22,159,5,F,cairo
22,160,5,F,cairo
22,161,5,F,cairo
22,162,5,F,cairo
22,163,5,F,cairo
22,164,5,F,cairo
22,165,5,F,cairo
22,166,5,F,cairo
22,167,5,F,cairo
22,170,5,F,cairo
22,171,5,F,cairo
22,172,5,F,cairo
22,173,5,F,cairo
22,174,5,F,cairo
22,175,5,F,cairo
22,176,5,F,cairo
22,178,5,F,cairo
22,179,5,F,cairo
22,181,5,F,cairo
22,183,5,F,cairo
22,185,5,F,cairo
22,187,5,F,cairo
22,191,5,F,cairo
22,192,5,F,cairo
22,194,5,F,cairo
22,195,5,F,cairo
22,197,5,F,cairo
22,198,5,F,cairo
22,199,5,F,alexandria
22,200,5,F,cairo
22,201,5,F,cairo
22,202,5,F,cairo
22,203,5,F,alexandria
22,205,5,F,cairo
22,207,5,F,cairo
22,212,5,F,cairo
22,214,5,F,cairo
22,215,5,F,cairo
22,222,5,F,giza
22,225,5,F,cairo
22,234,5,F,cairo
22,236,5,F,cairo
22,241,5,F,giza
22,245,5,F,cairo
22,256,5,F,sharm el sheikh
22,259,5,F,sharm el sheikh
22,272,5,F,sharm el sheikh
22,301,5,F,luxor
22,329,5,F,fayoum
22,333,5,F,alexandria
22,336,5,F,alexandria
22,345,5,F,alexandria
22,349,5,F,alexandria
22,353,5,F,alexandria
22,357,5,F,alexandria
22,360,5,F,alexandria
22,363,5,F,alexandria
22,364,5,F,alexandria
22,367,5,F,alexandria
22,368,5,F,alexandria
22,396,5,F,alexandria
22,431,5,F,hurghada
23,4,5,F,cairo
23,6,5,F,cairo
23,8,5,F,cairo
23,9,5,F,cairo
23,13,5,F,cairo
23,15,5,F,cairo
23,23,5,F,cairo
23,26,5,F,cairo
23,28,5,F,cairo
23,30,5,F,cairo
23,35,5,F,cairo
23,36,5,F,cairo
23,37,5,F,cairo
23,39,5,F,cairo
23,44,5,F,cairo
23,45,5,F,cairo
23,84,5,F,cairo
23,85,5,F,cairo
23,86,5,F,cairo
23,87,5,F,cairo
23,88,5,F,cairo
23,89,5,F,cairo
23,90,5,F,cairo
23,91,5,F,cairo
23,92,5,F,cairo
23,93,5,F,cairo
23,94,5,F,cairo
23,95,5,F,cairo
23,96,5,F,cairo
23,97,5,F,cairo
23,98,5,F,cairo
23,99,5,F,cairo
23,100,5,F,cairo
23,102,5,F,cairo
23,103,5,F,cairo
23,104,5,F,cairo
23,105,5,F,cairo
23,106,5,F,cairo
23,107,5,F,cairo
23,108,5,F,cairo
23,109,5,F,cairo
23,110,5,F,cairo
23,111,5,F,cairo
23,112,5,F,cairo
23,113,5,F,cairo
23,114,5,F,cairo
23,115,5,F,cairo
23,116,5,F,cairo
23,117,5,F,cairo
23,119,5,F,cairo
23,120,5,F,cairo
23,121,5,F,cairo
23,122,5,F,cairo
23,123,5,F,cairo
23,124,5,F,cairo
23,125,5,F,cairo
23,126,5,F,cairo
23,127,5,F,cairo
23,129,5,F,giza
23,130,5,F,cairo
23,132,5,F,cairo
23,133,5,F,cairo
23,135,5,F,cairo
23,138,5,F,cairo
23,139,5,F,cairo
23,140,5,F,cairo
23,141,5,F,cairo
23,143,5,F,cairo
23,144,5,F,cairo
23,145,5,F,cairo
23,146,5,F,cairo
23,147,5,F,cairo
23,148,5,F,cairo
23,149,5,F,cairo
23,150,5,F,cairo
23,151,5,F,cairo
23,152,5,F,cairo
23,154,5,F,cairo
23,155,5,F,cairo
23,156,5,F,cairo
23,157,5,F,cairo
23,158,5,F,cairo
23,159,5,F,cairo
23,160,5,F,cairo
23,161,5,F,cairo
23,162,5,F,cairo
23,163,5,F,cairo
23,164,5,F,cairo
23,165,5,F,cairo
23,166,5,F,cairo
23,167,5,F,cairo
23,170,5,F,cairo
23,171,5,F,cairo
23,172,5,F,cairo
23,173,5,F,cairo
23,174,5,F,cairo
23,175,5,F,cairo
23,176,5,F,cairo
23,179,5,F,cairo
23,181,5,F,cairo
23,183,5,F,cairo
23,185,5,F,cairo
23,187,5,F,cairo
23,191,5,F,cairo
23,192,5,F,cairo
23,194,5,F,cairo
23,197,5,F,cairo
23,198,5,F,cairo
23,199,5,F,alexandria
23,200,5,F,cairo
23,201,5,F,cairo
23,202,5,F,cairo
23,203,5,F,alexandria
23,206,5,F,cairo
23,209,5,F,cairo
23,219,5,F,cairo
23,223,5,F,cairo
23,225,5,F,cairo
23,226,5,F,cairo
23,232,5,F,giza
23,245,5,F,cairo
23,249,5,F,cairo
23,252,5,F,cairo
23,254,5,F,sharm el sheikh
23,256,5,F,sharm el sheikh
23,257,5,F,sharm el sheikh
23,258,5,F,sharm el sheikh
23,267,5,F,sharm el sheikh
23,272,5,F,sharm el sheikh
23,280,5,F,sharm el sheikh
23,281,5,F,sharm el sheikh
23,285,5,F,sharm el sheikh
23,286,5,F,sharm el sheikh
23,287,5,F,sharm el sheikh
23,300,5,F,luxor
23,301,5,F,luxor
23,329,5,F,fayoum
23,336,5,F,alexandria
23,343,5,F,alexandria
23,349,5,F,alexandria
23,350,5,F,alexandria
23,352,5,F,alexandria
23,353,5,F,alexandria
23,354,5,F,alexandria
23,356,5,F,alexandria
23,361,5,F,alexandria
23,366,5,F,alexandria
23,367,5,F,alexandria
23,369,5,F,alexandria
23,370,5,F,alexandria
23,371,5,F,alexandria
23,372,5,F,alexandria
23,375,5,F,alexandria
23,377,5,F,alexandria
23,379,5,F,alexandria
23,380,5,F,alexandria
23,381,5,F,alexandria
23,382,5,F,alexandria
23,383,5,F,alexandria
23,384,5,F,alexandria
23,385,5,F,alexandria
23,386,5,F,alexandria
23,387,5,F,alexandria
23,388,5,F,alexandria
23,390,5,F,alexandria
23,391,5,F,alexandria
23,392,5,F,alexandria
23,394,5,F,alexandria
23,395,5,F,alexandria
23,397,5,F,alexandria
23,398,5,F,alexandria
23,407,5,F,hurghada
23,408,5,F,hurghada
23,410,5,F,hurghada
23,414,5,F,hurghada
23,418,5,F,hurghada
23,428,5,F,hurghada
23,432,5,F,hurghada
24,3,5,F,cairo
24,6,5,F,cairo
24,8,5,F,cairo
24,9,5,F,cairo
24,13,5,F,cairo
24,15,5,F,cairo
24,23,5,F,cairo
24,30,5,F,cairo
24,37,5,F,cairo
24,39,5,F,cairo
24,59,5,F,cairo
24,132,5,F,cairo
24,133,5,F,cairo
24,138,5,F,cairo
24,139,5,F,cairo
24,140,5,F,cairo
24,141,5,F,cairo
24,143,5,F,cairo
24,144,5,F,cairo
24,145,5,F,cairo
24,146,5,F,cairo
24,147,5,F,cairo
24,148,5,F,cairo
24,149,5,F,cairo
24,150,5,F,cairo
24,151,5,F,cairo
24,152,5,F,cairo
24,154,5,F,cairo
24,155,5,F,cairo
24,156,5,F,cairo
24,157,5,F,cairo
24,158,5,F,cairo
24,159,5,F,cairo
24,160,5,F,cairo
24,161,5,F,cairo
24,162,5,F,cairo
24,163,5,F,cairo
24,164,5,F,cairo
24,165,5,F,cairo
24,166,5,F,cairo
24,167,5,F,cairo
24,170,5,F,cairo
24,171,5,F,cairo
24,172,5,F,cairo
24,173,5,F,cairo
24,174,5,F,cairo
24,175,5,F,cairo
24,176,5,F,cairo
24,178,5,F,cairo
24,179,5,F,cairo
24,181,5,F,cairo
24,183,5,F,cairo
24,185,5,F,cairo
24,187,5,F,cairo
24,191,5,F,cairo
24,192,5,F,cairo
24,194,5,F,cairo
24,197,5,F,cairo
24,198,5,F,cairo
24,199,5,F,alexandria
24,200,5,F,cairo
24,201,5,F,cairo
24,202,5,F,cairo
24,203,5,F,alexandria
24,205,5,F,cairo
24,214,5,F,cairo
24,215,5,F,cairo
24,222,5,F,giza
24,225,5,F,cairo
24,236,5,F,cairo
24,241,5,F,giza
24,245,5,F,cairo
24,247,5,F,giza
24,256,5,F,sharm el sheikh
24,272,5,F,sharm el sheikh
24,301,5,F,luxor
24,329,5,F,fayoum
24,333,5,F,alexandria
24,336,5,F,alexandria
24,349,5,F,alexandria
24,353,5,F,alexandria
24,363,5,F,alexandria
24,364,5,F,alexandria
24,367,5,F,alexandria
24,368,5,F,alexandria
24,396,5,F,alexandria
24,400,5,F,alexandria
24,431,5,F,hurghada
25,11,5,F,cairo
25,14,5,F,cairo
25,16,5,F,cairo
25,17,5,F,cairo
25,18,5,F,cairo
25,21,5,F,cairo
25,28,5,F,cairo
25,29,5,F,cairo
25,41,5,F,cairo
25,47,5,F,cairo
25,48,5,F,cairo
25,49,5,F,cairo
25,50,5,F,cairo
25,51,5,F,cairo
25,52,5,F,cairo
25,53,5,F,cairo
25,54,5,F,cairo
25,55,5,F,cairo
25,56,5,F,giza
25,57,5,F,luxor
25,58,5,F,cairo
25,60,5,F,cairo
25,61,5,F,cairo
25,62,5,F,giza
25,63,5,F,cairo
25,64,5,F,cairo
25,65,5,F,cairo
25,66,5,F,cairo
25,68,5,F,cairo
25,69,5,F,cairo
25,70,5,F,cairo
25,71,5,F,cairo
25,72,5,F,cairo
25,73,5,F,cairo
25,75,5,F,Alexandria
25,76,5,F,Alexandria
25,77,5,F,cairo
25,78,5,F,cairo
25,79,5,F,giza
25,81,5,F,cairo
25,82,5,F,cairo
25,83,5,F,cairo
25,85,5,F,cairo
25,98,5,F,cairo
25,104,5,F,cairo
25,108,5,F,cairo
25,109,5,F,cairo
25,111,5,F,cairo
25,114,5,F,cairo
25,120,5,F,cairo
25,130,5,F,cairo
25,177,5,F,cairo
25,204,5,F,cairo
25,206,5,F,cairo
25,208,5,F,cairo
25,209,5,F,cairo
25,213,5,F,cairo
25,214,5,F,cairo
25,217,5,F,giza
25,218,5,F,cairo
25,219,5,F,cairo
25,223,5,F,cairo
25,224,5,F,cairo
25,227,5,F,cairo
25,229,5,F,cairo
25,230,5,F,cairo
25,233,5,F,cairo
25,235,5,F,cairo
25,236,5,F,cairo
25,237,5,F,cairo
25,239,5,F,cairo
25,240,5,F,giza
25,241,5,F,giza
25,247,5,F,giza
25,248,5,F,cairo
25,252,5,F,cairo
25,271,5,F,sharm el sheikh
25,288,5,F,luxor
25,291,5,F,luxor
25,326,5,F,fayoum
25,328,5,F,fayoum
25,338,5,F,alexandria
25,339,5,F,alexandria
25,342,5,F,alexandria
25,344,5,F,alexandria
25,346,5,F,alexandria
25,352,5,F,alexandria
25,359,5,F,alexandria
25,361,5,F,alexandria
25,364,5,F,alexandria
25,376,5,F,alexandria
25,384,5,F,alexandria
25,389,5,F,alexandria
25,396,5,F,alexandria
25,400,5,F,alexandria
25,409,5,F,hurghada
25,429,5,F,hurghada
25,431,5,F,hurghada
26,4,5,F,cairo
26,26,5,F,cairo
26,28,5,F,cairo
26,35,5,F,cairo
26,36,5,F,cairo
26,44,5,F,cairo
26,45,5,F,cairo
26,84,5,F,cairo
26,85,5,F,cairo
26,86,5,F,cairo
26,87,5,F,cairo
26,88,5,F,cairo
26,89,5,F,cairo
26,90,5,F,cairo
26,91,5,F,cairo
26,92,5,F,cairo
26,93,5,F,cairo
26,94,5,F,cairo
26,95,5,F,cairo
26,96,5,F,cairo
26,97,5,F,cairo
26,98,5,F,cairo
26,99,5,F,cairo
26,100,5,F,cairo
26,102,5,F,cairo
26,103,5,F,cairo
26,104,5,F,cairo
26,105,5,F,cairo
26,106,5,F,cairo
26,107,5,F,cairo
26,108,5,F,cairo
26,109,5,F,cairo
26,110,5,F,cairo
26,111,5,F,cairo
26,112,5,F,cairo
26,113,5,F,cairo
26,114,5,F,cairo
26,115,5,F,cairo
26,116,5,F,cairo
26,117,5,F,cairo
26,119,5,F,cairo
26,120,5,F,cairo
26,121,5,F,cairo
26,122,5,F,cairo
26,123,5,F,cairo
26,124,5,F,cairo
26,125,5,F,cairo
26,126,5,F,cairo
26,127,5,F,cairo
26,129,5,F,giza
26,130,5,F,cairo
26,135,5,F,cairo
26,206,5,F,cairo
26,209,5,F,cairo
26,219,5,F,cairo
26,223,5,F,cairo
26,226,5,F,cairo
26,232,5,F,giza
26,242,5,F,giza
26,247,5,F,giza
26,249,5,F,cairo
26,252,5,F,cairo
26,254,5,F,sharm el sheikh
26,257,5,F,sharm el sheikh
26,258,5,F,sharm el sheikh
26,267,5,F,sharm el sheikh
26,280,5,F,sharm el sheikh
26,286,5,F,sharm el sheikh
26,287,5,F,sharm el sheikh
26,300,5,F,luxor
26,335,5,F,alexandria
26,350,5,F,alexandria
26,352,5,F,alexandria
26,361,5,F,alexandria
26,371,5,F,alexandria
26,373,5,F,alexandria
26,381,5,F,alexandria
26,384,5,F,alexandria
26,388,5,F,alexandria
26,390,5,F,alexandria
26,392,5,F,alexandria
26,395,5,F,alexandria
26,400,5,F,alexandria
26,407,5,F,hurghada
26,408,5,F,hurghada
26,410,5,F,hurghada
26,414,5,F,hurghada
26,418,5,F,hurghada
26,432,5,F,hurghada
27,11,5,F,cairo
27,14,5,F,cairo
27,16,5,F,cairo
27,17,5,F,cairo
27,18,5,F,cairo
27,19,5,F,cairo
27,21,5,F,cairo
27,29,5,F,cairo
27,32,5,F,cairo
27,41,5,F,cairo
27,47,5,F,cairo
27,48,5,F,cairo
27,49,5,F,cairo
27,50,5,F,cairo
27,51,5,F,cairo
27,52,5,F,cairo
27,53,5,F,cairo
27,54,5,F,cairo
27,55,5,F,cairo
27,56,5,F,giza
27,57,5,F,luxor
27,58,5,F,cairo
27,60,5,F,cairo
27,61,5,F,cairo
27,62,5,F,giza
27,63,5,F,cairo
27,64,5,F,cairo
27,65,5,F,cairo
27,66,5,F,cairo
27,68,5,F,cairo
27,69,5,F,cairo
27,70,5,F,cairo
27,71,5,F,cairo
27,72,5,F,cairo
27,73,5,F,cairo
27,75,5,F,Alexandria
27,76,5,F,Alexandria
27,77,5,F,cairo
27,78,5,F,cairo
27,79,5,F,giza
27,81,5,F,cairo
27,82,5,F,cairo
27,83,5,F,cairo
27,177,5,F,cairo
27,195,5,F,cairo
27,204,5,F,cairo
27,207,5,F,cairo
27,208,5,F,cairo
27,212,5,F,cairo
27,213,5,F,cairo
27,217,5,F,giza
27,218,5,F,cairo
27,224,5,F,cairo
27,227,5,F,cairo
27,229,5,F,cairo
27,230,5,F,cairo
27,233,5,F,cairo
27,234,5,F,cairo
27,235,5,F,cairo
27,237,5,F,cairo
27,239,5,F,cairo
27,240,5,F,giza
27,247,5,F,giza
27,248,5,F,cairo
27,259,5,F,sharm el sheikh
27,271,5,F,sharm el sheikh
27,281,5,F,sharm el sheikh
27,285,5,F,sharm el sheikh
27,288,5,F,luxor
27,291,5,F,luxor
27,326,5,F,fayoum
27,328,5,F,fayoum
27,338,5,F,alexandria
27,339,5,F,alexandria
27,342,5,F,alexandria
27,343,5,F,alexandria
27,344,5,F,alexandria
27,345,5,F,alexandria
27,346,5,F,alexandria
27,354,5,F,alexandria
27,356,5,F,alexandria
27,357,5,F,alexandria
27,359,5,F,alexandria
27,360,5,F,alexandria
27,366,5,F,alexandria
27,369,5,F,alexandria
27,370,5,F,alexandria
27,372,5,F,alexandria
27,375,5,F,alexandria
27,376,5,F,alexandria
27,377,5,F,alexandria
27,379,5,F,alexandria
27,380,5,F,alexandria
27,382,5,F,alexandria
27,383,5,F,alexandria
27,385,5,F,alexandria
27,386,5,F,alexandria
27,387,5,F,alexandria
27,389,5,F,alexandria
27,391,5,F,alexandria
27,394,5,F,alexandria
27,397,5,F,alexandria
27,398,5,F,alexandria
27,400,5,F,alexandria
27,409,5,F,hurghada
27,428,5,F,hurghada
27,429,5,F,hurghada
28,19,5,F,cairo
28,32,5,F,cairo
28,135,5,F,cairo
28,195,5,F,cairo
28,207,5,F,cairo
28,212,5,F,cairo
28,214,5,F,cairo
28,234,5,F,cairo
28,236,5,F,cairo
28,241,5,F,giza
28,247,5,F,giza
28,259,5,F,sharm el sheikh
28,267,5,F,sharm el sheikh
28,280,5,F,sharm el sheikh
28,281,5,F,sharm el sheikh
28,285,5,F,sharm el sheikh
28,286,5,F,sharm el sheikh
28,343,5,F,alexandria
28,345,5,F,alexandria
28,354,5,F,alexandria
28,356,5,F,alexandria
28,357,5,F,alexandria
28,360,5,F,alexandria
28,364,5,F,alexandria
28,366,5,F,alexandria
28,369,5,F,alexandria
28,370,5,F,alexandria
28,372,5,F,alexandria
28,375,5,F,alexandria
28,377,5,F,alexandria
28,379,5,F,alexandria
28,380,5,F,alexandria
28,382,5,F,alexandria
28,383,5,F,alexandria
28,385,5,F,alexandria
28,386,5,F,alexandria
28,387,5,F,alexandria
28,391,5,F,alexandria
28,394,5,F,alexandria
28,396,5,F,alexandria
28,397,5,F,alexandria
28,398,5,F,alexandria
28,400,5,F,alexandria
28,410,5,F,hurghada
28,428,5,F,hurghada
28,431,5,F,hurghada
28,432,5,F,hurghada
29,4,5,F,cairo
29,5,5,F,cairo
29,6,5,F,cairo
29,8,5,F,cairo
29,9,5,F,cairo
29,11,5,F,cairo
29,12,5,F,cairo
29,13,5,F,cairo
29,14,5,F,cairo
29,15,5,F,cairo
29,16,5,F,cairo
29,17,5,F,cairo
29,18,5,F,cairo
29,20,5,F,cairo
29,21,5,F,cairo
29,22,5,F,cairo
29,23,5,F,cairo
29,24,5,F,cairo
29,26,5,F,cairo
29,27,5,F,cairo
29,30,5,F,cairo
29,31,5,F,cairo
29,34,5,F,giza
29,35,5,F,cairo
29,36,5,F,cairo
29,37,5,F,cairo
29,38,5,F,giza
29,39,5,F,cairo
29,40,5,F,giza
29,41,5,F,cairo
29,42,5,F,giza
29,44,5,F,cairo
29,45,5,F,cairo
29,47,5,F,cairo
29,48,5,F,cairo
29,49,5,F,cairo
29,50,5,F,cairo
29,51,5,F,cairo
29,52,5,F,cairo
29,53,5,F,cairo
29,54,5,F,cairo
29,55,5,F,cairo
29,56,5,F,giza
29,57,5,F,luxor
29,58,5,F,cairo
29,59,5,F,cairo
29,60,5,F,cairo
29,61,5,F,cairo
29,62,5,F,giza
29,63,5,F,cairo
29,64,5,F,cairo
29,65,5,F,cairo
29,66,5,F,cairo
29,68,5,F,cairo
29,69,5,F,cairo
29,70,5,F,cairo
29,71,5,F,cairo
29,72,5,F,cairo
29,73,5,F,cairo
29,74,5,F,cairo
29,75,5,F,Alexandria
29,76,5,F,Alexandria
29,77,5,F,cairo
29,78,5,F,cairo
29,81,5,F,cairo
29,82,5,F,cairo
29,83,5,F,cairo
29,84,5,F,cairo
29,86,5,F,cairo
29,87,5,F,cairo
29,88,5,F,cairo
29,89,5,F,cairo
29,90,5,F,cairo
29,91,5,F,cairo
29,92,5,F,cairo
29,93,5,F,cairo
29,94,5,F,cairo
29,95,5,F,cairo
29,96,5,F,cairo
29,97,5,F,cairo
29,99,5,F,cairo
29,100,5,F,cairo
29,102,5,F,cairo
29,103,5,F,cairo
29,105,5,F,cairo
29,106,5,F,cairo
29,107,5,F,cairo
29,110,5,F,cairo
29,112,5,F,cairo
29,113,5,F,cairo
29,115,5,F,cairo
29,116,5,F,cairo
29,117,5,F,cairo
29,119,5,F,cairo
29,121,5,F,cairo
29,122,5,F,cairo
29,123,5,F,cairo
29,124,5,F,cairo
29,125,5,F,cairo
29,126,5,F,cairo
29,127,5,F,cairo
29,129,5,F,giza
29,132,5,F,cairo
29,133,5,F,cairo
29,134,5,F,cairo
29,138,5,F,cairo
29,139,5,F,cairo
29,140,5,F,cairo
29,141,5,F,cairo
29,142,5,F,cairo
29,143,5,F,cairo
29,144,5,F,cairo
29,145,5,F,cairo
29,146,5,F,cairo
29,147,5,F,cairo
29,148,5,F,cairo
29,149,5,F,cairo
29,150,5,F,cairo
29,151,5,F,cairo
29,152,5,F,cairo
29,153,5,F,cairo
29,154,5,F,cairo
29,155,5,F,cairo
29,156,5,F,cairo
29,157,5,F,cairo
29,158,5,F,cairo
29,159,5,F,cairo
29,160,5,F,cairo
29,161,5,F,cairo
29,162,5,F,cairo
29,163,5,F,cairo
29,164,5,F,cairo
29,165,5,F,cairo
29,166,5,F,cairo
29,167,5,F,cairo
29,168,5,F,cairo
29,170,5,F,cairo
29,171,5,F,cairo
29,172,5,F,cairo
29,173,5,F,cairo
29,174,5,F,cairo
29,175,5,F,cairo
29,176,5,F,cairo
29,178,5,F,cairo
29,179,5,F,cairo
29,180,5,F,cairo
29,181,5,F,cairo
29,182,5,F,cairo
29,183,5,F,cairo
29,184,5,F,cairo
29,185,5,F,cairo
29,186,5,F,cairo
29,187,5,F,cairo
29,191,5,F,cairo
29,192,5,F,cairo
29,193,5,F,cairo
29,194,5,F,cairo
29,197,5,F,cairo
29,198,5,F,cairo
29,199,5,F,alexandria
29,200,5,F,cairo
29,201,5,F,cairo
29,202,5,F,cairo
29,203,5,F,alexandria
29,204,5,F,cairo
29,205,5,F,cairo
29,208,5,F,cairo
29,211,5,F,giza
29,213,5,F,cairo
29,215,5,F,cairo
29,217,5,F,giza
29,221,5,F,giza
29,225,5,F,cairo
29,226,5,F,cairo
29,227,5,F,cairo
29,228,5,F,cairo
29,229,5,F,cairo
29,230,5,F,cairo
29,231,5,F,giza
29,232,5,F,giza
29,233,5,F,cairo
29,235,5,F,cairo
29,237,5,F,cairo
29,245,5,F,cairo
29,246,5,F,giza
29,248,5,F,cairo
29,249,5,F,cairo
29,250,5,F,cairo
29,251,5,F,cairo
29,253,5,F,giza
29,254,5,F,sharm el sheikh
29,256,5,F,sharm el sheikh
29,257,5,F,sharm el sheikh
29,258,5,F,sharm el sheikh
29,271,5,F,sharm el sheikh
29,272,5,F,sharm el sheikh
29,274,5,F,sharm el sheikh
29,287,5,F,sharm el sheikh
29,288,5,F,luxor
29,290,5,F,luxor
29,291,5,F,luxor
29,292,5,F,luxor
29,293,5,F,luxor
29,294,5,F,luxor
29,295,5,F,luxor
29,296,5,F,luxor
29,297,5,F,luxor
29,299,5,F,luxor
29,300,5,F,luxor
29,301,5,F,luxor
29,302,5,F,luxor
29,304,5,F,luxor
29,305,5,F,luxor
29,307,5,F,luxor
29,308,5,F,luxor
29,309,5,F,luxor
29,310,5,F,luxor
29,311,5,F,luxor
29,312,5,F,luxor
29,314,5,F,luxor
29,315,5,F,luxor
29,316,5,F,luxor
29,320,5,F,luxor
29,328,5,F,fayoum
29,329,5,F,fayoum
29,330,5,F,fayoum
29,333,5,F,alexandria
29,336,5,F,alexandria
29,338,5,F,alexandria
29,339,5,F,alexandria
29,342,5,F,alexandria
29,344,5,F,alexandria
29,346,5,F,alexandria
29,349,5,F,alexandria
29,350,5,F,alexandria
29,353,5,F,alexandria
29,359,5,F,alexandria
29,363,5,F,alexandria
29,367,5,F,alexandria
29,368,5,F,alexandria
29,371,5,F,alexandria
29,376,5,F,alexandria
29,381,5,F,alexandria
29,388,5,F,alexandria
29,389,5,F,alexandria
29,390,5,F,alexandria
29,392,5,F,alexandria
29,395,5,F,alexandria
29,407,5,F,hurghada
29,408,5,F,hurghada
29,409,5,F,hurghada
29,414,5,F,hurghada
29,418,5,F,hurghada
30,3,5,F,cairo
30,6,5,F,cairo
30,8,5,F,cairo
30,9,5,F,cairo
30,11,5,F,cairo
30,13,5,F,cairo
30,14,5,F,cairo
30,15,5,F,cairo
30,16,5,F,cairo
30,17,5,F,cairo
30,18,5,F,cairo
30,21,5,F,cairo
30,23,5,F,cairo
30,30,5,F,cairo
30,37,5,F,cairo
30,39,5,F,cairo
30,41,5,F,cairo
30,47,5,F,cairo
30,48,5,F,cairo
30,49,5,F,cairo
30,50,5,F,cairo
30,51,5,F,cairo
30,52,5,F,cairo
30,53,5,F,cairo
30,54,5,F,cairo
30,55,5,F,cairo
30,56,5,F,giza
30,57,5,F,luxor
30,58,5,F,cairo
30,60,5,F,cairo
30,61,5,F,cairo
30,62,5,F,giza
30,63,5,F,cairo
30,64,5,F,cairo
30,65,5,F,cairo
30,66,5,F,cairo
30,68,5,F,cairo
30,69,5,F,cairo
30,70,5,F,cairo
30,71,5,F,cairo
30,72,5,F,cairo
30,73,5,F,cairo
30,75,5,F,Alexandria
30,76,5,F,Alexandria
30,77,5,F,cairo
30,78,5,F,cairo
30,81,5,F,cairo
30,82,5,F,cairo
30,83,5,F,cairo
30,132,5,F,cairo
30,133,5,F,cairo
30,135,5,F,cairo
30,138,5,F,cairo
30,139,5,F,cairo
30,140,5,F,cairo
30,141,5,F,cairo
30,143,5,F,cairo
30,144,5,F,cairo
30,145,5,F,cairo
30,146,5,F,cairo
30,147,5,F,cairo
30,148,5,F,cairo
30,149,5,F,cairo
30,150,5,F,cairo
30,151,5,F,cairo
30,152,5,F,cairo
30,154,5,F,cairo
30,155,5,F,cairo
30,156,5,F,cairo
30,157,5,F,cairo
30,158,5,F,cairo
30,159,5,F,cairo
30,160,5,F,cairo
30,161,5,F,cairo
30,162,5,F,cairo
30,163,5,F,cairo
30,164,5,F,cairo
30,165,5,F,cairo
30,166,5,F,cairo
30,167,5,F,cairo
30,170,5,F,cairo
30,171,5,F,cairo
30,172,5,F,cairo
30,173,5,F,cairo
30,174,5,F,cairo
30,175,5,F,cairo
30,176,5,F,cairo
30,179,5,F,cairo
30,181,5,F,cairo
30,183,5,F,cairo
30,185,5,F,cairo
30,187,5,F,cairo
30,191,5,F,cairo
30,192,5,F,cairo
30,194,5,F,cairo
30,197,5,F,cairo
30,198,5,F,cairo
30,199,5,F,alexandria
30,200,5,F,cairo
30,201,5,F,cairo
30,202,5,F,cairo
30,203,5,F,alexandria
30,204,5,F,cairo
30,208,5,F,cairo
30,213,5,F,cairo
30,217,5,F,giza
30,222,5,F,giza
30,225,5,F,cairo
30,227,5,F,cairo
30,229,5,F,cairo
30,230,5,F,cairo
30,233,5,F,cairo
30,235,5,F,cairo
30,237,5,F,cairo
30,245,5,F,cairo
30,247,5,F,giza
30,248,5,F,cairo
30,256,5,F,sharm el sheikh
30,267,5,F,sharm el sheikh
30,271,5,F,sharm el sheikh
30,272,5,F,sharm el sheikh
30,280,5,F,sharm el sheikh
30,286,5,F,sharm el sheikh
30,288,5,F,luxor
30,291,5,F,luxor
30,301,5,F,luxor
30,328,5,F,fayoum
30,329,5,F,fayoum
30,336,5,F,alexandria
30,338,5,F,alexandria
30,339,5,F,alexandria
30,342,5,F,alexandria
30,344,5,F,alexandria
30,346,5,F,alexandria
30,349,5,F,alexandria
30,353,5,F,alexandria
30,359,5,F,alexandria
30,367,5,F,alexandria
30,376,5,F,alexandria
30,389,5,F,alexandria
30,400,5,F,alexandria
30,409,5,F,hurghada
30,410,5,F,hurghada
30,432,5,F,hurghada
